course_id,course_name,classification,sections,sections_located,buildings,building_list,max_minutes,enrolled
F11.101,대학 글쓰기 1,교양,78,78,9,1 10 2 3 43-1 5 8 83 9,14.08,1848
E51.101,신입생 세미나,교양,9,8,7,2 203 24 38 57-1 71-1 86,30.245,161
F24.101,초급스페인어 1,교양,16,16,7,1 14 2 3 5 8 9,4.53,346
F31.105L,수학연습 2,교양,46,46,6,10 24 25 26 28 500,14.12,1134
F25.102,초급중국어 2,교양,5,5,6,1 2 3 4 6 8,3.89,56
E51.102,창의와 도전,교양,5,5,5,13 16 2 86 9,23.565,57
F37.202,컴퓨터의 개념 및 실습,교양,5,5,5,10-1 301 35 43-1 9,22.47,392
F31.202,공학수학 2,교양,15,15,5,301 302 36 39 43-1,17.57,858
E52.103,소그룹 고전원전읽기 1,교양,16,16,5,14 2 3 5 6,2.92,147
E52.104,소그룹 고전원전읽기 2,교양,7,7,5,14 2 3 5 6,2.92,66
F25.101,초급중국어 1,교양,14,14,5,1 2 3 4 8,2.535,224
700.021,교직실무,교직,8,8,4,11 12 71-1 9,18.295,142
F31.105,수학 2,교양,27,27,4,10 24 25 500,14.12,1298
F31.110L,미적분학연습 2,교양,8,8,4,24 25 43-1 500,7.205,118
F34.103,화학,교양,8,8,4,26 28 43-1 500,7.205,523
F29.103,라틴어 1,교양,6,6,4,1 14 2 3,4.53,197
C20.141,철학개론,교양,4,4,4,1 14 5 9,4.53,147
F22.102,초급독일어 2,교양,3,3,4,1 14 3 6,4.53,47
F11.201,대학 글쓰기 2: 인문학글쓰기,교양,20,20,4,14 2 3 8,2.92,489
F12.103,창의적 사고와 표현,교양,4,4,4,14 2 3 8,2.92,75
700.022,교육과정,교직,4,4,4,10 11 13 9,2.58,80
F22.101,초급독일어 1,교양,9,9,4,1 2 3 5,2.535,179
F24.102,초급스페인어 2,교양,4,4,4,1 2 3 5,2.535,53
F26.101,초급프랑스어 1,교양,9,9,4,1 3 5 8,2.535,154
F21.101,대학영어 1,교양,55,55,4,2 3 4 5,0.825,1118
F21.201,대학영어 2: 글쓰기,교양,21,21,4,2 3 4 5,0.825,256
300.310,유전학,전필,3,3,3,28 500 86,25.935,109
E52.101,주제 세미나,교양,3,3,3,18 5 81,23.61,33
C10.106,대중예술의 이해,교양,3,3,3,43-1 8 83,14.08,112
C10.142,영상예술의 이해,교양,4,4,3,43-1 8 83,14.08,223
C30.109,독일어권 문화의 이해,교양,3,3,3,142 3 6,13.52,170
400.018,창의공학설계,전선,6,6,3,301 35 39,13.135,369
E31.101,학생자율세미나: 주제,교양,3,3,3,200 39 500,11.305,29
C10.102,공연예술의 이해,교양,4,4,3,3 43-1 8,8.77,185
C20.153,한국현대사의 이해,교양,4,4,3,14 8 83,8.53,137
F34.105,화학 2,교양,5,5,3,26 43-1 500,7.205,248
F35.103,생물학,교양,5,5,3,28 500 56,6.685,312
881.007,선형대수학,전선,5,5,3,24 28 43-1,6.245,386
F28.101,초급한문 1,교양,11,11,3,1 14 3,4.53,276
F31.107,고급수학 2,교양,3,3,3,24 25 500,4.415,104
F33.107,물리학 2,교양,11,11,3,26 28 56,3.975,1126
445.206,결정학개론,전필,3,3,3,33 43 43-2,3.405,145
F26.201,중급프랑스어 1,교양,3,3,3,2 5 6,2.265,31
C20.123,서양철학의 이해,교양,3,3,3,14 8 9,2.135,137
E52.102,글쓰기 세미나,교양,12,12,3,3 5 61,1.795,107
700.002,교육심리,교직,5,5,3,10 10-1 9,1.135,124
F21.202,대학영어 2: 말하기,교양,12,12,3,2 3 4,0.77,233
F23.101,초급러시아어 1,교양,2,2,3,2 3 4,0.77,28
700.007,교육방법 및 교육공학,교직,4,4,3,11 12 9,0.68,54
C20.106,논리학,교양,5,5,3,14 6 9,0.48,282
C20.119,생명의료윤리,교양,2,2,2,220 43-1,15.125,119
C20.102,규장각과 한국문화,교양,2,2,2,43-1 83,14.08,107
C20.124,성의 철학과 성윤리,교양,3,3,2,43-1 83,14.08,102
E11.107,과학기술과 사회,교양,2,2,2,28 83,12.49,106
F31.104,수학 1,교양,2,2,2,24 39,11.97,107
212.204,경제통계학,전필,2,2,2,16 223,9.655,191
C20.117,사상과 윤리,교양,3,3,2,10-1 43-1,9.21,138
F11.203,대학 글쓰기 2: 과학기술글쓰기,교양,29,29,2,14 43-1,9.025,715
C20.121,서양문명의 역사 2: 종교개혁에서 냉전까지,교양,2,2,2,14 43-1,9.025,22
C20.140,처음 배우는 서양사,교양,2,2,2,14 43-1,9.025,62
C20.127,역사와 역사 재현,교양,2,2,2,14 83,8.53,96
212.214,경제수학,전필,2,2,2,223 83,8.245,241
200.106,경제원론 2,전선,3,3,2,223 83,8.245,317
E11.103,경제학개론,교양,2,2,2,223 83,8.245,107
C10.129,서양미술사입문,교양,2,2,2,6 83,7.895,37
C20.132,인물로 본 한국사,교양,2,2,2,43-1 8,7.33,121
C20.105,남북분단과 한국전쟁,교양,2,2,2,43-1 9,7.265,100
C10.144,예술과 과학,교양,2,2,2,43-1 5,7.265,71
F25.201,중급중국어 1,교양,4,4,2,1 14,4.53,53
F25.202,중급중국어 2,교양,2,2,2,1 14,4.53,29
F31.113,경영학을 위한 수학,교양,3,3,2,24 500,4.415,102
F31.111,생명과학을 위한 수학 1,교양,2,2,2,24 500,4.415,60
881.003,미분방정식,전선,2,2,2,24 56,4.395,87
F33.104,물리의 기본 2,교양,2,2,2,26 56,3.975,133
C40.126,인공지능과 철학,교양,2,2,2,1 9,3.945,98
C10.140,영미 대중소설의 이해,교양,2,2,2,1 6,3.89,68
C20.144,페미니즘 미학과 예술,교양,2,2,2,1 6,3.89,56
M1314.001700,경제학연습,전선,6,6,2,220 223,3.31,59
F28.102,초급한문 2,교양,2,2,2,14 2,2.92,39
445.102A,재료공학원리,전필,3,3,2,33 43-2,2.63,166
445.202,재료현대물리,전필,2,2,2,33 43-2,2.63,124
M1569.003300,현대재료물리화학,전필,2,2,2,33 43-2,2.63,134
F27.301,고급한국어,교양,2,2,2,1 3,2.535,36
F35.105,생물학 2,교양,3,3,2,26 28,2.155,116
F32.102,통계학,교양,12,12,2,26 28,2.155,734
F24.201,중급스페인어 1,교양,2,2,2,1 5,2.13,33
650.2242,서양음악사 2,전필,2,2,2,53 74,1.81,145
M3502.020500,(공유)그린바이오 캡스톤 프로젝트 1,전선,3,3,2,200 75,1.805,27
212.202,거시경제이론,전필,3,3,2,16 83,1.7,327
212.201,미시경제이론,전필,2,2,2,16 83,1.7,179
F26.102,초급프랑스어 2,교양,3,3,2,5 9,1.61,35
C10.157,프랑스어권 문화의 이해,교양,2,2,2,5 9,1.61,94
F11.202,대학 글쓰기 2: 사회과학글쓰기,교양,12,12,2,14 3,1.535,250
F12.102,말하기와 토론,교양,6,6,2,14 3,1.535,144
445.303,재료실험 1,전필,2,2,2,31 33,1.38,46
445.304,재료실험 2,전필,2,2,2,31 33,1.38,56
F31.104L,수학연습 1,교양,4,4,2,25 28,1.33,76
C10.110,동서양 명작 읽기,교양,2,2,2,6 8,1.23,84
T1831.000300,생활지도 및 상담,교직,4,4,2,10-1 9,1.135,107
700.023,교육평가,교직,3,3,2,10 12,1.08,25
M1797.002000,이론(화성·대위·분석)2,전필,5,5,2,220 53,1.015,114
M1796.000200,이론(화성·대위·분석)4,전필,4,4,2,220 53,1.015,104
M2183.003300,이론(화성·대위·분석)6,전필,3,3,2,220 53,1.015,66
C20.115,미학과 예술론,교양,2,2,2,3 8,0.96,98
457.408,건설시스템종합설계,전필,6,6,2,35 43,0.885,69
457.204,기초유체역학 및 실험,전필,2,2,2,35 43,0.885,67
457.210A,환경공학,전선,2,2,2,35 43,0.885,82
C40.103,과학의 철학적 이해,교양,2,2,2,8 9,0.88,82
F21.301,고급영어: 문학,교양,4,4,2,2 3,0.77,87
F21.302,고급영어: 문화와 사회,교양,3,3,2,2 3,0.77,54
F21.303,고급영어: 발표,교양,4,4,2,2 3,0.77,59
F21.306,고급영어: 영화,교양,5,5,2,2 3,0.77,91
F21.307,고급영어: 학술작문,교양,2,2,2,2 3,0.77,29
251.207A,경영과학,전필,4,4,2,58 59,0.7,140
700.401A,과학논리 및 논술,전선,2,2,2,11 9,0.66,47
200.105,경제원론 1,전선,3,3,2,101 16,0.58,253
C20.150,한국사의 새로운 해석,교양,2,2,2,14 9,0.48,92
F21.305,고급영어: 연극,교양,2,2,2,3 5,0.46,20
F21.100,기초영어,교양,7,7,2,3 5,0.46,122
F31.107L,고급수학연습 2,교양,6,6,2,24 25,0.41,102
F31.112,생명과학을 위한 수학 2,교양,5,5,2,24 25,0.41,162
430.217,자료구조의 기초,전선,3,3,2,301 302,0.395,168
430.405,전기공학설계프로젝트,전필,8,8,2,301 302,0.395,99
991.102,주제탐구세미나 2,전선,7,7,2,220 57-1,0.385,132
C10.133,스페인어권 문화의 이해,교양,2,2,2,5 8,0.36,113
884.308A,중급물리실험 2,전필,3,3,2,22 56,0.34,68
F36.103,지구시스템과학,교양,2,2,2,24 25-1,0.25,61
700.004,교육사회,교직,4,4,2,10 10-1,0.1,137
701.101A,교육학개론,교직,3,3,2,10 10-1,0.1,199
M1867.000500,수학 논리 및 논술,전선,2,2,2,10 10-1,0.1,31
700.020A,특수교육학개론,교직,3,3,2,10 10-1,0.1,123
700.003,교육철학 및 교육사,교직,3,3,2,10 9,0.08,67
700.006,교육행정 및 교육경영,교직,3,3,2,10 9,0.08,28
T2184.000200,학교폭력예방 및 학생의 이해,교직,6,6,2,10 9,0.08,168
F12.101,논리와 비판적 사고,교양,4,4,2,5 6,0.06,140
M3500.010200,(공유)데이터 창업 설계 기초 이론,전선,2,2,1,200,0.0,15
M3500.000300,(공유)빅데이터 개론 1,전선,2,2,1,25,0.0,63
M3500.003400,(공유)빅데이터 윤리,전선,2,2,1,200,0.0,7
M3502.001500,(공유)중급 프로젝트,전선,2,1,1,301,0.0,14
4012.302,건축설계스튜디오 3-2,전필,3,3,1,39,0.0,33
4012.402,건축설계스튜디오 4-2,전필,3,3,1,39,0.0,32
4012.502,건축설계스튜디오 5-2,전필,3,3,1,39,0.0,27
M2171.001900,경영을 위한 경제학,전필,3,3,1,58,0.0,115
251.424,경영전략,전필,7,7,1,58,0.0,308
251.326,경영정보론,전필,3,3,1,58,0.0,238
F31.201,공학수학 1,교양,5,5,1,43-1,0.0,402
400.320,공학연구의 실습 1,전선,2,2,1,302,0.0,15
251.306,관리회계,전필,3,3,1,58,0.0,104
6541.1233,국악관현악,전필,2,2,1,49,0.0,59
C30.105,국제정치학입문,교양,2,2,1,83,0.0,101
M2794.013200,기계공학실험,전필,4,4,1,301,0.0,79
M1498.000800,기초스튜디오 2 (건축과 구조),전필,6,6,1,39,0.0,51
M1498.013700,기초스튜디오 4 (패브리케이션 디자인),전필,6,6,1,39,0.0,58
430.202B,기초전자기학 및 연습,전필,3,3,1,301,0.0,283
430.201A,논리설계 및 실험,전필,4,3,1,301,0.0,235
F36.101L,대기과학실험,교양,3,3,1,26,0.0,43
E41.101,도예의 기초,교양,2,2,1,52,0.0,31
E11.116,동서양의 종교적 지혜,교양,2,2,1,83,0.0,216
C20.111,동양예술론입문,교양,2,2,1,5,0.0,27
5271.323A,동양조경의 역사와 이론,전필,2,2,1,200,0.0,73
C20.113,동양철학의 이해,교양,3,3,1,5,0.0,114
T2184.002400,디지털 교육,교직,3,3,1,10,0.0,95
430.315A,디지털 시스템 설계 및 실험,전선,2,2,1,301,0.0,106
M2177.004300,딥러닝의 기초,전선,2,2,1,301,0.0,157
251.321,마케팅관리,전필,4,4,1,58,0.0,245
F33.105,물리학,교양,2,2,1,26,0.0,197
F33.105L,물리학실험,교양,8,8,1,26,0.0,204
F33.107L,물리학실험 2,교양,52,52,1,26,0.0,1193
458.202,물리화학 2,전선,2,2,1,302,0.0,126
C30.113,미디어와 현대사회,교양,2,2,1,83,0.0,67
300.204,미분방정식 및 연습,전선,2,2,1,24,0.0,114
F31.110,미적분학 2,교양,3,3,1,24,0.0,131
430.312,반도체소자,전선,3,3,1,301,0.0,177
E11.128,북한학개론,교양,2,2,1,43-1,0.0,270
E11.129,불교철학의 이해,교양,2,2,1,43-1,0.0,230
E11.136,산과 인생,교양,2,0,1,71-1,0.0,78
M1410.000200,생명과학전공실험2,전선,16,8,1,500,0.0,111
3346.328,생명과학특수연구 1,전선,6,1,1,500,0.0,35
F35.103L,생물학실험,교양,23,23,1,26,0.0,411
F35.105L,생물학실험 2,교양,9,9,1,26,0.0,99
M1338.003000,생산서비스운영,전필,2,2,1,58,0.0,112
M2173.004600,생화학 1: 생체분자의 구조와 기능,전필,2,2,1,500,0.0,91
M1766.004900,서양화 졸업작품 연구,전필,3,3,1,52,0.0,28
300.206A,선형대수학 2,전선,2,2,1,28,0.0,103
6531.2209,성악반주,전선,2,2,1,53,0.0,23
E41.104,수묵화의 기초,교양,2,2,1,74,0.0,47
650.1245,시창청음 2,전필,7,7,1,220,0.0,153
650.2247,시창청음 4,전필,6,6,1,220,0.0,123
E11.146,심리학개론,교양,4,4,1,83,0.0,369
430.301C,아날로그전자회로,전선,2,2,1,301,0.0,102
108.312,역사비교언어학,전필,2,2,1,14,0.0,59
650.3307,연주,전필,4,4,1,49,0.0,229
458.304,열 및 물질전달,전필,2,2,1,302,0.0,121
707.214,영어작문 1,전선,2,2,1,12,0.0,26
707.215,영어작문 2,전필,3,3,1,12,0.0,33
707.205,영어회화 2,전선,3,3,1,12,0.0,27
C20.129,예술의 가치와 비평,교양,2,2,1,8,0.0,100
3343.313,유기무기실험,전필,4,4,1,500,0.0,68
458.301,유기화학 2,전필,2,2,1,302,0.0,132
M2794.001300,유체역학,전필,2,2,1,301,0.0,196
M3535.001000,음악 프로덕션 입문 2,전선,2,2,1,220,0.0,31
C10.146,음악과 사회,교양,3,3,1,220,0.0,107
650.3304,음악분석 2,전필,2,2,1,220,0.0,21
650.4402,음악분석 4,전필,2,2,1,220,0.0,28
M1587.000200,응용생화학 1,전필,2,2,1,302,0.0,138
E11.163,인간관계의 심리학,교양,4,4,1,83,0.0,353
F31.114,인문사회계를 위한 수학 1,교양,2,2,1,24,0.0,51
251.303,인사관리,전필,3,3,1,58,0.0,153
E11.167,자전거와 스포츠과학,교양,2,0,1,71-1,0.0,51
445.312,재료의 전자기적 성질,전필,2,2,1,43,0.0,122
445.442,재료종합설계,전필,3,3,1,33,0.0,63
445.408A,재료종합실험,전필,2,2,1,33,0.0,29
251.301,재무관리,전필,2,2,1,58,0.0,306
991.202A,전공설계 2,전선,2,2,1,220,0.0,44
430.216,전기시스템선형대수,전선,2,2,1,301,0.0,107
5271.324,조경설계 1,전필,2,2,1,200,0.0,28
C20.135,조선의 역사적 성취와 유산,교양,2,2,1,8,0.0,66
M1338.004000,조직행동론,전필,4,4,1,58,0.0,235
M1338.002600,졸업 세미나,전필,8,8,1,58,0.0,204
C10.153,중국어권의 사회와 문화,교양,2,2,1,3,0.0,72
F25.301,중국어회화 1,교양,2,2,1,3,0.0,21
F22.201,중급독일어 1,교양,2,2,1,14,0.0,37
251.204A,중급회계1,전선,2,2,1,58,0.0,178
F36.103L,지구시스템과학실험,교양,3,3,1,26,0.0,51
M1411.002600,지구환경과학논문연구,전선,3,3,1,24,0.0,16
M1411.003100,지구환경과학연구실습,전선,2,2,1,24,0.0,9
458.424A,창의연구,전선,3,3,1,302,0.0,28
M1522.000200,창의적통합설계1,전선,2,2,1,302,0.0,30
C20.142,철학으로 예술 보기,교양,2,2,1,8,0.0,37
M2839.001100,치의학 사회공헌 프로젝트,전선,3,1,1,86,0.0,21
M2839.000900,치의학 인간이해 프로젝트,전선,4,1,1,43-1,0.0,37
F37.101,컴퓨팅 기초: 처음 만나는 컴퓨팅,교양,19,19,1,26,0.0,705
F37.206,컴퓨팅 탐색: 실생활에서 활용하기,교양,2,2,1,26,0.0,59
F37.204,컴퓨팅 핵심: 컴퓨터로 생각하기,교양,3,3,1,26,0.0,115
F32.102L,통계학실험,교양,17,17,1,25,0.0,601
108.315,통사론,전필,2,2,1,14,0.0,82
E20.107,한국 수화 언어의 이해,교양,2,2,1,14,0.0,76
C20.149,한국사,교양,4,4,1,14,0.0,163
C20.151,한국의 문화유산,교양,3,3,1,14,0.0,41
C10.168,한글맞춤법의 이론과 실제,교양,2,2,1,1,0.0,59
M3229.002800,항공우주공학실험 2,전필,2,1,1,301,0.0,57
E11.186,현대경제의 이해,교양,2,2,1,223,0.0,101
458.307,화학생물공정실험,전필,4,4,1,302,0.0,39
458.206,화학생물공학기초실험,전필,4,4,1,302,0.0,44
458.306,화학생물합성실험,전필,4,4,1,302,0.0,40
F34.103L,화학실험,교양,32,32,1,26,0.0,457
F34.105L,화학실험 2,교양,15,15,1,26,0.0,202
430.314,확률변수 및 확률과정의 기초,전선,3,3,1,301,0.0,175
251.205,회계원리,전필,6,6,1,58,0.0,451
M3500.001400,(공유)고급 기계학습 프로젝트,전선,2,0,0,,0.0,7
M3500.007900,(공유)기계학습,전선,2,0,0,,0.0,17
M3500.003800,(공유)기초 통계학,전선,2,0,0,,0.0,57
M3500.001000,(공유)빅데이터 수학,전선,2,0,0,,0.0,36
M3502.004100,(공유)학부생 연구 인턴,전선,3,0,0,,0.0,72
E43.102,골프초급,교양,9,0,0,,0.0,172
722.203B,기계체조 1(마루운동),전필,2,0,0,,0.0,42
E43.103,농구초급,교양,6,0,0,,0.0,158
E43.104,달리기와 건강,교양,2,0,0,,0.0,47
E43.105,댄스스포츠,교양,4,0,0,,0.0,85
E43.106,배구,교양,3,0,0,,0.0,95
E43.107,배드민턴초급,교양,7,0,0,,0.0,207
722.204,수영 1,전필,2,0,0,,0.0,35
E43.108,수영 1(평영),교양,2,0,0,,0.0,44
E43.109,수영 2(평영),교양,2,0,0,,0.0,46
E43.110,수영 3(자유형),교양,2,0,0,,0.0,46
E43.111,수영 4(자유형),교양,2,0,0,,0.0,47
E43.113,야구,교양,4,0,0,,0.0,114
E43.114,양궁,교양,3,0,0,,0.0,88
E43.115,에어로빅,교양,3,0,0,,0.0,70
722.206A,육상 2(필드),전필,2,0,0,,0.0,43
E43.118,체력단련,교양,20,0,0,,0.0,557
E43.121,축구,교양,5,0,0,,0.0,131
E43.123,탁구초급,교양,6,0,0,,0.0,175
E43.124,태권도,교양,5,0,0,,0.0,116
E43.126,테니스초급,교양,12,0,0,,0.0,333
E31.102,학생자율세미나: 거주와 배움,교양,43,0,0,,0.0,560
E43.128,핸드볼,교양,2,0,0,,0.0,47
E43.131,호신술,교양,2,0,0,,0.0,64
3343.406,화학연구실험,전선,5,0,0,,0.0,41
