semester,regular,courses_multi_section,courses_located,courses_multi_building,ratio_located,ratio_all
2021-1,True,293,272,155,0.57,0.529
2021-S,False,48,40,17,0.425,0.354
2021-2,True,285,262,145,0.553,0.509
2021-W,False,39,30,20,0.667,0.513
2022-1,True,299,273,136,0.498,0.455
2022-S,False,41,33,19,0.576,0.463
2022-2,True,279,257,137,0.533,0.491
2022-W,False,37,27,17,0.63,0.459
2023-1,True,293,270,141,0.522,0.481
2023-S,False,43,34,22,0.647,0.512
2023-2,True,279,258,131,0.508,0.47
2023-W,False,35,25,15,0.6,0.429
2024-1,True,278,254,136,0.535,0.489
2024-S,False,42,34,20,0.588,0.476
2024-2,True,274,246,130,0.528,0.474
2024-W,False,37,26,14,0.538,0.378
2025-1,True,292,263,137,0.521,0.469
2025-S,False,43,35,18,0.514,0.419
2025-2,True,277,250,143,0.572,0.516
2025-W,False,34,27,12,0.444,0.353
2026-1,True,286,253,140,0.553,0.49
2026-S,False,40,32,19,0.594,0.475
2026-2,True,279,249,135,0.542,0.484
