home,home_label,metric,value,unit
919,기숙사,묶음 수,1000,개
919,기숙사,분반에 따라 비용이 달라지는 묶음,0.807,비율
919,기숙사,무작위 주간 이동시간 (묶음 중앙값),149.3,분/주
919,기숙사,프로그램 1위 주간 이동시간 (묶음 중앙값),131.9,분/주
919,기숙사,이동시간 절약 (평균),15.0,분/주
919,기숙사,이동시간 절약 평균의 95% 구간,14.1–15.9,분/주
919,기숙사,이동시간 절약 (중앙값),11.8,분/주
919,기숙사,이동시간 절약 (90% 분위: 이보다 많이 주는 묶음이 10%),35.6,분/주
919,기숙사,이동시간 절약 (절약이 가장 큰 10% 묶음의 평균),45.6,분/주
919,기숙사,이동시간 절약 (비용이 달라지는 묶음 평균),18.5,분/주
919,기숙사,이동시간 절약률 (평균),0.099,비율
919,기숙사,한 학기(15주) 절약 (평균),3.7,시간
919,기숙사,비용(이동 + 2×지각) 절약 (평균),18.2,분/주
919,기숙사,무작위 조합에 지각 구간이 있을 확률 (평균),0.138,비율
919,기숙사,1위에 지각 구간이 있는 묶음,0.083,비율
919,기숙사,1위 ÷ TSP 하한 (중앙값),3.92,배
919,기숙사,경사 반영이 1위 이동시간을 늘리는 정도 (중앙값),0.153,비율
919,기숙사,평지 기준으로 고르면 경사 반영 1위가 아닌 묶음,0.125,비율
919,기숙사,그때 더 드는 비용 (평균),1.0,분/주
919,기숙사,탐색 시간 파이썬 (중앙값),0.5,ms
919,기숙사,탐색 시간 파이썬 (최대),155.9,ms
919,기숙사,탐색 시간 웹 엔진 (중앙값),0.1,ms
919,기숙사,탐색 시간 웹 엔진 (최대),43.0,ms
919,기숙사,"이론상 조합 수 (최대, 같은 시간·건물 분반을 묶은 뒤)",150336,개
GATE,정문,묶음 수,1000,개
GATE,정문,분반에 따라 비용이 달라지는 묶음,0.807,비율
GATE,정문,무작위 주간 이동시간 (묶음 중앙값),148.2,분/주
GATE,정문,프로그램 1위 주간 이동시간 (묶음 중앙값),131.8,분/주
GATE,정문,이동시간 절약 (평균),15.3,분/주
GATE,정문,이동시간 절약 평균의 95% 구간,14.3–16.2,분/주
GATE,정문,이동시간 절약 (중앙값),12.2,분/주
GATE,정문,이동시간 절약 (90% 분위: 이보다 많이 주는 묶음이 10%),37.7,분/주
GATE,정문,이동시간 절약 (절약이 가장 큰 10% 묶음의 평균),48.2,분/주
GATE,정문,이동시간 절약 (비용이 달라지는 묶음 평균),18.9,분/주
GATE,정문,이동시간 절약률 (평균),0.101,비율
GATE,정문,한 학기(15주) 절약 (평균),3.8,시간
GATE,정문,비용(이동 + 2×지각) 절약 (평균),18.5,분/주
GATE,정문,무작위 조합에 지각 구간이 있을 확률 (평균),0.138,비율
GATE,정문,1위에 지각 구간이 있는 묶음,0.075,비율
GATE,정문,1위 ÷ TSP 하한 (중앙값),4.2,배
GATE,정문,경사 반영이 1위 이동시간을 늘리는 정도 (중앙값),0.075,비율
GATE,정문,평지 기준으로 고르면 경사 반영 1위가 아닌 묶음,0.16,비율
GATE,정문,그때 더 드는 비용 (평균),1.5,분/주
GATE,정문,탐색 시간 파이썬 (중앙값),0.5,ms
GATE,정문,탐색 시간 파이썬 (최대),95.1,ms
GATE,정문,탐색 시간 웹 엔진 (중앙값),0.1,ms
GATE,정문,탐색 시간 웹 엔진 (최대),28.7,ms
GATE,정문,"이론상 조합 수 (최대, 같은 시간·건물 분반을 묶은 뒤)",150336,개
