building,name,lat,lon,first_floor_est_m,lobby_est_m,lobby_source,entrances,entrance_floors,multi_level_access,entrance_min_m,entrance_max_m,ground_min_m,ground_max_m,ground_span_m,slope_site,point_ground_m,footprint,footprint_match,perimeter_m,samples,lecture_building,note
1,인문관1,37.460270,126.952340,89.3,89.3,1층 기준면(평지),0,,,,,88.3,90.3,1.9,N,89.3,ring15m,none,,36,Y,윤곽 없음(원형 표본)
2,인문관2,37.460380,126.952950,92.1,92.1,1층 기준면(평지),0,,,,,91.1,93.0,2.0,N,92.0,ring15m,none,,36,Y,윤곽 없음(원형 표본)
3,인문관3,37.460710,126.953550,96.8,,,0,,,,,95.3,98.4,3.1,Y,96.8,ring15m,none,,36,Y,"윤곽 없음(원형 표본); 로비층 확정 필요(경사지, 출입구 정보 없음)"
4,신양인문학술정보관,37.460890,126.953260,94.6,,,0,,,,,92.9,96.3,3.5,Y,94.6,ring15m,none,,36,Y,"윤곽 없음(원형 표본); 로비층 확정 필요(경사지, 출입구 정보 없음)"
5,인문관4,37.460600,126.953930,99.5,,,0,,,,,97.9,101.4,3.5,Y,99.4,ring15m,none,,36,Y,"윤곽 없음(원형 표본); 로비층 확정 필요(경사지, 출입구 정보 없음)"
6,인문관5,37.460730,126.954520,106.7,,,0,,,,,104.2,109.6,5.4,Y,106.7,ring15m,none,,36,Y,"윤곽 없음(원형 표본); 로비층 확정 필요(경사지, 출입구 정보 없음)"
7,인문관6,37.460220,126.954360,100.9,100.9,1층 기준면(평지),0,,,,,99.4,102.2,2.8,N,100.8,ring15m,none,,36,Y,윤곽 없음(원형 표본)
8,두산인문관,37.460160,126.953980,99.0,99.0,1층 기준면(평지),0,,,,,97.6,100.3,2.7,N,99.0,ring15m,none,,36,Y,윤곽 없음(원형 표본)
9,사범관1,37.460170,126.954800,103.8,103.8,1층 기준면(평지),0,,,,,102.3,105.3,3.0,N,103.8,ring15m,none,,36,Y,윤곽 없음(원형 표본)
10,사범관2,37.460310,126.955360,109.1,,,0,,,,,106.2,111.0,4.8,Y,108.2,ring15m,none,,36,Y,"윤곽 없음(원형 표본); 로비층 확정 필요(경사지, 출입구 정보 없음)"
10-1,사범대교육정보관,37.459960,126.955920,116.1,,,0,,,,,114.2,118.0,3.9,Y,116.0,ring15m,none,,36,Y,"윤곽 없음(원형 표본); 로비층 확정 필요(경사지, 출입구 정보 없음)"
11,사범관3,37.459790,126.955200,110.1,,,0,,,,,108.2,111.9,3.7,Y,110.1,ring15m,none,,36,Y,"윤곽 없음(원형 표본); 로비층 확정 필요(경사지, 출입구 정보 없음)"
12,사범교육협력센터,37.459620,126.954790,108.1,,,0,,,,,106.5,109.7,3.2,Y,108.0,ring15m,none,,36,Y,"윤곽 없음(원형 표본); 로비층 확정 필요(경사지, 출입구 정보 없음)"
13,과학교육관,37.459270,126.953890,107.1,,,0,,,,,104.3,109.9,5.6,Y,107.2,ring15m,none,,36,Y,"윤곽 없음(원형 표본); 로비층 확정 필요(경사지, 출입구 정보 없음)"
14,인문관7,37.460930,126.954990,116.0,,,0,,,,,112.5,119.5,7.0,Y,116.0,ring15m,none,,36,Y,"윤곽 없음(원형 표본); 로비층 확정 필요(경사지, 출입구 정보 없음)"
15,법학관1,37.462330,126.951740,80.7,80.7,1층 기준면(평지),0,,,,,79.4,82.1,2.7,N,80.7,ring15m,none,,36,Y,윤곽 없음(원형 표본)
15-1,법학강의동(15-1동),37.462410,126.951260,77.1,77.1,1층 기준면(평지),0,,,,,75.8,78.4,2.6,N,77.1,ring15m,none,,36,Y,윤곽 없음(원형 표본)
16,사회과학관,37.463530,126.950920,75.5,,,0,,,,,74.0,77.6,3.7,Y,75.8,ring15m,none,,36,Y,"윤곽 없음(원형 표본); 로비층 확정 필요(경사지, 출입구 정보 없음)"
16-1,신양학술정보관Ⅲ,37.462710,126.951000,75.3,75.3,1층 기준면(평지),0,,,,,74.0,76.7,2.7,N,75.3,ring15m,none,,36,Y,윤곽 없음(원형 표본)
17,법학관2,37.462840,126.951870,82.8,,,0,,,,,81.2,84.3,3.1,Y,82.8,ring15m,none,,36,Y,"윤곽 없음(원형 표본); 로비층 확정 필요(경사지, 출입구 정보 없음)"
18,자연과학관1,37.456780,126.952770,121.8,,,0,,,,,119.1,124.7,5.6,Y,121.8,ring15m,none,,36,Y,"윤곽 없음(원형 표본); 로비층 확정 필요(경사지, 출입구 정보 없음)"
19,자연과학관2,37.456180,126.952770,122.2,,,0,,,,,119.8,124.6,4.7,Y,122.1,ring15m,none,,36,Y,"윤곽 없음(원형 표본); 로비층 확정 필요(경사지, 출입구 정보 없음)"
20,약학관3,37.458690,126.952890,105.8,,,0,,,,,103.2,108.7,5.5,Y,105.7,ring15m,none,,36,Y,"윤곽 없음(원형 표본); 로비층 확정 필요(경사지, 출입구 정보 없음)"
21,약학관1,37.457840,126.952230,107.2,,,0,,,,,104.4,110.1,5.8,Y,107.3,ring15m,none,,36,Y,"윤곽 없음(원형 표본); 로비층 확정 필요(경사지, 출입구 정보 없음)"
22,자연과학관4,37.457920,126.950960,91.9,,,0,,,,,90.5,93.5,3.0,Y,91.6,ring15m,none,,36,Y,"윤곽 없음(원형 표본); 로비층 확정 필요(경사지, 출입구 정보 없음)"
23,자연과학관5,37.458600,126.951050,90.2,90.2,1층 기준면(평지),0,,,,,89.2,91.3,2.1,N,90.2,ring15m,none,,36,N,윤곽 없음(원형 표본)
24,자연과학관6,37.459420,126.949890,83.9,83.9,1층 기준면(평지),0,,,,,82.8,85.0,2.1,N,84.2,ring15m,none,,36,Y,윤곽 없음(원형 표본)
25,자연과학관7,37.458560,126.949880,88.4,88.4,1층 기준면(평지),0,,,,,87.9,89.0,1.2,N,88.5,ring15m,none,,36,Y,윤곽 없음(원형 표본)
25-1,자연대강의및실험연구동(25-1동),37.458970,126.949410,84.3,84.3,1층 기준면(평지),0,,,,,82.8,85.6,2.8,N,84.3,ring15m,none,,36,Y,윤곽 없음(원형 표본)
26,자연과학관8,37.458810,126.950360,88.0,88.0,1층 기준면(평지),0,,,,,87.3,88.6,1.3,N,88.0,ring15m,none,,36,Y,윤곽 없음(원형 표본)
27,자연과학관9,37.458050,126.950010,90.4,90.4,1층 기준면(평지),0,,,,,89.9,90.8,0.9,N,90.4,ring15m,none,,36,Y,윤곽 없음(원형 표본)
28,자연대(대형),37.457620,126.950390,92.8,92.8,1층 기준면(평지),0,,,,,91.8,93.8,2.0,N,92.8,ring15m,none,,36,Y,윤곽 없음(원형 표본)
29,약학관2,37.456100,126.953680,140.5,,,0,,,,,136.8,144.1,7.2,Y,140.5,ring15m,none,,36,Y,"윤곽 없음(원형 표본); 로비층 확정 필요(경사지, 출입구 정보 없음)"
30,공학관1,37.456860,126.950850,99.0,99.0,1층 기준면(평지),0,,,,,97.5,100.3,2.9,N,98.7,ring15m,none,,36,Y,윤곽 없음(원형 표본)
31,공학관2,37.457020,126.950020,97.1,97.1,1층 기준면(평지),0,,,,,96.2,97.9,1.6,N,97.1,ring15m,none,,36,Y,윤곽 없음(원형 표본)
32,공학관3,37.456480,126.950090,100.1,100.1,1층 기준면(평지),0,,,,,99.3,101.0,1.7,N,100.1,ring15m,none,,36,Y,윤곽 없음(원형 표본)
32-1,해동학술문화관(32-1동),37.456190,126.949760,98.9,,,0,,,,,97.1,100.7,3.6,Y,99.1,ring15m,none,,36,Y,"윤곽 없음(원형 표본); 로비층 확정 필요(경사지, 출입구 정보 없음)"
33,공학관4,37.456250,126.950840,104.1,104.1,1층 기준면(평지),0,,,,,102.8,105.3,2.5,N,104.1,ring15m,none,,36,Y,윤곽 없음(원형 표본)
34,공학관5,37.456090,126.951490,108.8,108.8,1층 기준면(평지),0,,,,,107.5,110.0,2.5,N,108.8,ring15m,none,,36,Y,윤곽 없음(원형 표본)
35,공학관6,37.456650,126.952110,111.7,,,0,,,,,109.0,114.3,5.3,Y,111.7,ring15m,none,,36,Y,"윤곽 없음(원형 표본); 로비층 확정 필요(경사지, 출입구 정보 없음)"
36,공학관7,37.455540,126.951460,112.0,112.0,1층 기준면(평지),0,,,,,110.8,113.2,2.4,N,112.0,ring15m,none,,36,Y,윤곽 없음(원형 표본)
37,공학관8,37.455720,126.950750,106.6,,,0,,,,,105.0,108.4,3.4,Y,106.6,ring15m,none,,36,Y,"윤곽 없음(원형 표본); 로비층 확정 필요(경사지, 출입구 정보 없음)"
38,글로벌공학교육센터,37.454900,126.950620,109.8,,,0,,,,,107.4,112.3,4.9,Y,109.8,ring15m,none,,36,Y,"윤곽 없음(원형 표본); 로비층 확정 필요(경사지, 출입구 정보 없음)"
39,대학원연구동(1단계),37.454650,126.951570,116.2,116.2,1층 기준면(평지),0,,,,,115.5,117.1,1.6,N,116.1,ring15m,none,,36,Y,윤곽 없음(원형 표본)
40,풍동실험동1,37.454250,126.951580,119.2,119.2,1층 기준면(평지),0,,,,,118.1,120.3,2.2,N,119.2,ring15m,none,,36,Y,윤곽 없음(원형 표본)
41,선체구조실험동,37.455630,126.952640,122.0,,,0,,,,,120.1,123.9,3.9,Y,122.0,ring15m,none,,36,N,"윤곽 없음(원형 표본); 로비층 확정 필요(경사지, 출입구 정보 없음)"
42,선형수조실험동,37.455300,126.952540,122.0,,,0,,,,,120.1,124.0,3.8,Y,122.0,ring15m,none,,36,N,"윤곽 없음(원형 표본); 로비층 확정 필요(경사지, 출입구 정보 없음)"
43,데이터사이언스대학원 및 공과대학 강의동 1,37.457220,126.951730,104.0,,,0,,,,,102.2,105.9,3.7,Y,104.0,ring15m,none,,36,Y,"윤곽 없음(원형 표본); 로비층 확정 필요(경사지, 출입구 정보 없음)"
43-1,이공계멀티미디어강의동(43-1동),37.456670,126.951450,104.9,,,0,,,,,103.2,106.4,3.1,Y,104.9,ring15m,none,,36,Y,"윤곽 없음(원형 표본); 로비층 확정 필요(경사지, 출입구 정보 없음)"
43-2,관악 43-2동[데이터사이언스대학원 및 공과대학 강의동 2],37.457010,126.951260,100.9,,,0,,,,,99.0,102.7,3.7,Y,100.9,ring15m,none,,36,Y,"윤곽 없음(원형 표본); 로비층 확정 필요(경사지, 출입구 정보 없음)"
44,풍동실험동2,37.454780,126.952090,118.4,,,0,,,,,116.3,120.5,4.2,Y,118.4,ring15m,none,,36,N,"윤곽 없음(원형 표본); 로비층 확정 필요(경사지, 출입구 정보 없음)"
44-1,신양학술정보관,37.455200,126.952060,117.1,,,0,,,,,115.2,119.0,3.8,Y,117.0,ring15m,none,,36,Y,"윤곽 없음(원형 표본); 로비층 확정 필요(경사지, 출입구 정보 없음)"
45,천문대(신),37.453950,126.952760,129.8,,,0,,,,,128.1,131.3,3.2,Y,129.7,ring15m,none,,36,N,"윤곽 없음(원형 표본); 로비층 확정 필요(경사지, 출입구 정보 없음)"
46,천문관측소,37.457060,126.954270,150.9,,,0,,,,,148.9,153.3,4.4,Y,151.4,ring15m,none,,36,N,"윤곽 없음(원형 표본); 로비층 확정 필요(경사지, 출입구 정보 없음)"
47,기상관측소,37.452850,126.950180,126.9,126.9,1층 기준면(평지),0,,,,,125.7,128.2,2.5,N,126.9,ring15m,none,,36,N,윤곽 없음(원형 표본)
48,지진관측소,37.453940,126.954210,148.4,,,0,,,,,145.3,151.4,6.1,Y,148.4,ring15m,none,,36,N,"윤곽 없음(원형 표본); 로비층 확정 필요(경사지, 출입구 정보 없음)"
49,예술관연구동,37.463440,126.954250,102.3,,,0,,,,,100.1,104.7,4.6,Y,102.3,ring15m,none,,36,Y,"윤곽 없음(원형 표본); 로비층 확정 필요(경사지, 출입구 정보 없음)"
50,예술관(미대)1,37.463040,126.952340,87.2,87.2,1층 기준면(평지),0,,,,,85.9,88.5,2.6,N,87.2,ring15m,none,,36,Y,윤곽 없음(원형 표본)
51,예술관(미대)2,37.463540,126.952680,88.9,88.9,1층 기준면(평지),0,,,,,88.0,89.8,1.8,N,89.1,ring15m,none,,36,Y,윤곽 없음(원형 표본)
52,예술관(미대)3,37.463520,126.953190,92.3,92.3,1층 기준면(평지),0,,,,,90.9,93.7,2.8,N,92.3,ring15m,none,,36,Y,윤곽 없음(원형 표본)
52-1,미대교양실습동(52-1동),37.463940,126.953400,91.1,,,0,,,,,89.5,92.6,3.1,Y,91.1,ring15m,none,,36,Y,"윤곽 없음(원형 표본); 로비층 확정 필요(경사지, 출입구 정보 없음)"
52-2,야외조각실습장2,37.464040,126.952940,87.1,,,0,,,,,85.6,88.6,3.0,Y,87.1,ring15m,none,,36,Y,"윤곽 없음(원형 표본); 로비층 확정 필요(경사지, 출입구 정보 없음)"
53,예술관(음대)1,37.463040,126.953440,96.3,,,0,,,,,94.7,98.0,3.3,Y,96.3,ring15m,none,,36,Y,"윤곽 없음(원형 표본); 로비층 확정 필요(경사지, 출입구 정보 없음)"
54,예술관(음대)2,37.462600,126.953350,96.9,,,0,,,,,95.0,98.8,3.8,Y,96.9,ring15m,none,,36,Y,"윤곽 없음(원형 표본); 로비층 확정 필요(경사지, 출입구 정보 없음)"
55,예술관(음대)3,37.462480,126.952870,91.4,,,0,,,,,89.7,93.3,3.6,Y,91.3,ring15m,none,,36,Y,"윤곽 없음(원형 표본); 로비층 확정 필요(경사지, 출입구 정보 없음)"
56,자연과학관10,37.457700,126.951400,97.6,,,0,,,,,95.6,99.5,3.9,Y,97.6,ring15m,none,,36,Y,"윤곽 없음(원형 표본); 로비층 확정 필요(경사지, 출입구 정보 없음)"
56-1,관악 56-1동[김철수물리관],37.458209,126.951594,96.0,,,0,,,,,94.4,97.8,3.4,Y,96.0,ring15m,none,,36,N,"윤곽 없음(원형 표본); 로비층 확정 필요(경사지, 출입구 정보 없음)"
57,행정대학원,37.465590,126.953140,82.0,82.0,1층 기준면(평지),0,,,,,81.0,83.1,2.1,N,82.0,ring15m,none,,36,Y,윤곽 없음(원형 표본)
57-1,행정대학원,37.465190,126.953730,86.0,86.0,1층 기준면(평지),0,,,,,84.9,86.9,2.0,N,85.8,ring15m,none,,36,Y,윤곽 없음(원형 표본)
58,SK경영관,37.465680,126.952030,75.6,75.6,1층 기준면(평지),0,,,,,74.6,76.5,1.9,N,75.6,ring15m,none,,36,Y,윤곽 없음(원형 표본)
59,LG경영관(경영연구관및산학협동관),37.464960,126.952950,82.8,82.8,1층 기준면(평지),0,,,,,81.8,83.9,2.2,N,82.9,ring15m,none,,36,Y,윤곽 없음(원형 표본)
59-1,관악 59-1동[매니지먼트센터],37.464916,126.952318,78.6,78.6,1층 기준면(평지),0,,,,,77.3,79.9,2.5,N,78.6,ring15m,none,,36,Y,윤곽 없음(원형 표본)
60,행정관,37.460020,126.951290,87.0,87.0,1층 기준면(평지),0,,,,,86.8,87.2,0.5,N,87.0,ring15m,none,,36,N,윤곽 없음(원형 표본)
61,기초교육원,37.459850,126.953760,99.6,99.6,1층 기준면(평지),0,,,,,98.2,101.0,2.7,N,99.6,ring15m,none,,36,Y,윤곽 없음(원형 표본)
62,중앙도서관 본관,37.459400,126.951990,90.6,90.6,1층 기준면(평지),0,,,,,89.2,92.1,2.9,N,90.5,ring15m,none,,36,Y,윤곽 없음(원형 표본)
62-1,중앙도서관 관정관,37.459030,126.952470,97.5,,,0,,,,,95.5,99.7,4.1,Y,97.5,ring15m,none,,36,N,"윤곽 없음(원형 표본); 로비층 확정 필요(경사지, 출입구 정보 없음)"
63,학생회관,37.459320,126.950580,86.1,86.1,1층 기준면(평지),0,,,,,85.4,86.7,1.3,N,86.1,ring15m,none,,36,N,윤곽 없음(원형 표본)
64,IBK커뮤니케이션센터,37.463830,126.949370,63.3,63.3,1층 기준면(평지),0,,,,,62.6,63.9,1.3,N,63.3,ring15m,none,,36,Y,윤곽 없음(원형 표본)
65,교수회관,37.457810,126.953870,135.7,,,0,,,,,132.6,139.1,6.5,Y,136.2,ring15m,none,,36,N,"윤곽 없음(원형 표본); 로비층 확정 필요(경사지, 출입구 정보 없음)"
66,학군단,37.456700,126.954240,151.5,,,0,,,,,149.0,154.0,5.0,Y,151.5,ring15m,none,,36,Y,"윤곽 없음(원형 표본); 로비층 확정 필요(경사지, 출입구 정보 없음)"
67,NH농협두레문예관,37.463530,126.949730,65.0,65.0,1층 기준면(평지),0,,,,,64.3,65.9,1.7,N,64.8,ring15m,none,,36,N,윤곽 없음(원형 표본)
68,파워플랜트,37.466270,126.954880,100.4,,,0,,,,,98.2,102.5,4.3,Y,100.9,ring15m,none,,36,N,"윤곽 없음(원형 표본); 로비층 확정 필요(경사지, 출입구 정보 없음)"
69,실험동물자원관리원,37.457280,126.952780,120.4,,,0,,,,,117.3,123.6,6.3,Y,120.4,ring15m,none,,36,N,"윤곽 없음(원형 표본); 로비층 확정 필요(경사지, 출입구 정보 없음)"
70,박물관,37.464540,126.952350,79.7,79.7,1층 기준면(평지),0,,,,,78.3,81.1,2.7,N,79.7,ring15m,none,,36,N,윤곽 없음(원형 표본)
71,체육관,37.467600,126.952380,81.9,81.9,1층 기준면(평지),0,,,,,80.5,83.4,2.9,N,81.8,ring15m,none,,36,Y,윤곽 없음(원형 표본)
72,법학도서관,37.461820,126.951890,81.8,81.8,1층 기준면(평지),0,,,,,80.4,83.2,2.8,N,81.7,ring15m,none,,36,N,윤곽 없음(원형 표본)
73,문화관,37.461590,126.951040,78.0,78.0,1층 기준면(평지),0,,,,,76.5,79.3,2.8,N,78.0,ring15m,none,,36,Y,윤곽 없음(원형 표본)
74,예술복합연구동,37.461930,126.953120,93.9,,,0,,,,,91.2,96.6,5.4,Y,93.9,ring15m,none,,36,Y,"윤곽 없음(원형 표본); 로비층 확정 필요(경사지, 출입구 정보 없음)"
75,복지관,37.456090,126.949090,91.7,,,0,,,,,89.7,93.5,3.8,Y,91.7,ring15m,none,,36,Y,"윤곽 없음(원형 표본); 로비층 확정 필요(경사지, 출입구 정보 없음)"
75-1,제3학생식당,37.456470,126.948510,89.7,89.7,1층 기준면(평지),0,,,,,88.8,90.7,1.9,N,89.7,ring15m,none,,36,Y,윤곽 없음(원형 표본)
76,제4식당(서당골),37.460730,126.955700,120.8,,,0,,,,,117.1,124.6,7.5,Y,120.8,ring15m,none,,36,N,"윤곽 없음(원형 표본); 로비층 확정 필요(경사지, 출입구 정보 없음)"
80,수의대부속동물병원,37.468220,126.953240,96.5,,,0,,,,,93.0,100.0,7.0,Y,96.5,ring15m,none,,36,Y,"윤곽 없음(원형 표본); 로비층 확정 필요(경사지, 출입구 정보 없음)"
81,생명공학연구동,37.466980,126.954250,96.8,,,0,,,,,93.6,99.9,6.3,Y,96.8,ring15m,none,,36,Y,"윤곽 없음(원형 표본); 로비층 확정 필요(경사지, 출입구 정보 없음)"
82,환경대학원,37.462370,126.954090,108.2,,,0,,,,,104.6,111.9,7.3,Y,108.2,ring15m,none,,36,Y,"윤곽 없음(원형 표본); 로비층 확정 필요(경사지, 출입구 정보 없음)"
83,인문사회계멀티미디어강의동,37.463440,126.951680,83.7,,,0,,,,,81.9,85.7,3.8,Y,83.7,ring15m,none,,36,Y,"윤곽 없음(원형 표본); 로비층 확정 필요(경사지, 출입구 정보 없음)"
84,근대법학교육100주년기념관,37.462260,126.952330,85.8,,,0,,,,,84.2,87.4,3.1,Y,85.8,ring15m,none,,36,Y,"윤곽 없음(원형 표본); 로비층 확정 필요(경사지, 출입구 정보 없음)"
85,수의과대학,37.467440,126.953650,93.8,,,0,,,,,91.1,96.6,5.5,Y,93.8,ring15m,none,,36,Y,"윤곽 없음(원형 표본); 로비층 확정 필요(경사지, 출입구 정보 없음)"
85-1,수의대시약보관창고(85-1동),37.467990,126.953710,102.1,,,0,,,,,98.8,105.7,6.9,Y,102.1,ring15m,none,,36,Y,"윤곽 없음(원형 표본); 로비층 확정 필요(경사지, 출입구 정보 없음)"
86,치의학대학원 첨단교육연구복합단지,37.468990,126.953040,99.0,,,0,,,,,95.1,103.0,7.8,Y,99.0,ring15m,none,,36,Y,"윤곽 없음(원형 표본); 로비층 확정 필요(경사지, 출입구 정보 없음)"
97,환경안전원1,37.466340,126.950730,68.6,68.6,1층 기준면(평지),0,,,,,67.4,69.7,2.2,N,68.6,ring15m,none,,36,N,윤곽 없음(원형 표본)
98,환경안전원,37.466630,126.950630,68.3,68.3,1층 기준면(평지),0,,,,,67.1,69.5,2.4,N,68.3,ring15m,none,,36,N,윤곽 없음(원형 표본)
100,버들골 풍산마당,37.458479,126.955227,127.6,,,0,,,,,124.8,130.5,5.8,Y,127.6,ring15m,none,,36,N,"윤곽 없음(원형 표본); 로비층 확정 필요(경사지, 출입구 정보 없음)"
101,아시아연구소,37.463280,126.950150,68.6,68.6,1층 기준면(평지),0,,,,,67.2,70.1,3.0,N,68.6,ring15m,none,,36,Y,윤곽 없음(원형 표본)
102,정보화본부,37.459620,126.949270,77.4,,,0,,,,,75.3,79.5,4.2,Y,77.4,ring15m,none,,36,N,"윤곽 없음(원형 표본); 로비층 확정 필요(경사지, 출입구 정보 없음)"
103,규장각한국학연구원,37.462260,126.950280,69.7,69.7,1층 기준면(평지),0,,,,,68.4,70.9,2.6,N,69.7,ring15m,none,,36,Y,윤곽 없음(원형 표본)
104,반도체공동연구소,37.454770,126.953010,130.2,,,0,,,,,127.6,132.9,5.3,Y,130.1,ring15m,none,,36,N,"윤곽 없음(원형 표본); 로비층 확정 필요(경사지, 출입구 정보 없음)"
105,유전공학연구소,37.454320,126.953640,140.3,,,0,,,,,137.9,142.7,4.8,Y,140.3,ring15m,none,,36,N,"윤곽 없음(원형 표본); 로비층 확정 필요(경사지, 출입구 정보 없음)"
105-1,창업보육센터및유전공학연구소,37.454460,126.953530,138.8,,,0,,,,,136.3,141.3,5.0,Y,138.8,ring15m,none,,36,N,"윤곽 없음(원형 표본); 로비층 확정 필요(경사지, 출입구 정보 없음)"
105-2,유전공학연구소 신관,37.454040,126.953362,136.5,,,0,,,,,134.3,138.7,4.3,Y,136.5,ring15m,none,,36,Y,"윤곽 없음(원형 표본); 로비층 확정 필요(경사지, 출입구 정보 없음)"
106,수영장,37.453310,126.955140,171.8,,,0,,,,,168.6,174.7,6.2,Y,171.8,ring15m,none,,36,N,"윤곽 없음(원형 표본); 로비층 확정 필요(경사지, 출입구 정보 없음)"
107-1,방가로1,37.455010,126.955860,175.1,,,0,,,,,171.9,178.5,6.6,Y,175.1,ring15m,none,,36,N,"윤곽 없음(원형 표본); 로비층 확정 필요(경사지, 출입구 정보 없음)"
107-2,방가로2,37.454700,126.955980,180.6,,,0,,,,,176.9,184.4,7.5,Y,180.8,ring15m,none,,36,N,"윤곽 없음(원형 표본); 로비층 확정 필요(경사지, 출입구 정보 없음)"
107-3,방가로3,37.454340,126.955740,178.4,,,0,,,,,174.3,182.6,8.3,Y,178.4,ring15m,none,,36,N,"윤곽 없음(원형 표본); 로비층 확정 필요(경사지, 출입구 정보 없음)"
109,자하연식당,37.460980,126.952520,88.4,88.4,1층 기준면(평지),0,,,,,87.3,89.5,2.2,N,88.4,ring15m,none,,36,N,윤곽 없음(원형 표본)
110,간이식당1,37.457380,126.955100,151.1,,,0,,,,,147.9,154.5,6.6,Y,151.2,ring15m,none,,36,N,"윤곽 없음(원형 표본); 로비층 확정 필요(경사지, 출입구 정보 없음)"
111,사범대학 간이식당,37.459220,126.955180,115.9,,,0,,,,,113.7,117.9,4.1,Y,115.9,ring15m,none,,36,N,"윤곽 없음(원형 표본); 로비층 확정 필요(경사지, 출입구 정보 없음)"
113,동원생활관,37.465040,126.951750,74.5,74.5,1층 기준면(평지),0,,,,,73.5,75.5,2.1,N,74.4,ring15m,none,,36,N,윤곽 없음(원형 표본)
115,정문수위실,37.466303,126.948129,61.7,,,0,,,,,59.9,63.6,3.7,Y,61.7,ring15m,none,,36,N,"윤곽 없음(원형 표본); 로비층 확정 필요(경사지, 출입구 정보 없음)"
117,양수장,37.466630,126.953750,86.7,,,0,,,,,85.1,88.7,3.5,Y,86.7,ring15m,none,,36,N,"윤곽 없음(원형 표본); 로비층 확정 필요(경사지, 출입구 정보 없음)"
120,위험물저장고,37.453760,126.953880,143.6,,,0,,,,,141.0,146.3,5.2,Y,143.4,ring15m,none,,36,N,"윤곽 없음(원형 표본); 로비층 확정 필요(경사지, 출입구 정보 없음)"
121,공관,37.466830,126.957380,79.3,,,0,,,,,76.1,82.5,6.4,Y,79.0,ring15m,none,,36,N,"윤곽 없음(원형 표본); 로비층 확정 필요(경사지, 출입구 정보 없음)"
122-1,교수아파트1,37.467090,126.957170,79.5,,,0,,,,,76.8,82.4,5.5,Y,79.5,ring15m,none,,36,N,"윤곽 없음(원형 표본); 로비층 확정 필요(경사지, 출입구 정보 없음)"
122-2,교수아파트2,37.467300,126.957550,72.7,,,0,,,,,70.5,75.0,4.6,Y,72.7,ring15m,none,,36,N,"윤곽 없음(원형 표본); 로비층 확정 필요(경사지, 출입구 정보 없음)"
122-3,교수아파트3,37.467420,126.957160,76.0,,,0,,,,,73.7,78.5,4.8,Y,76.0,ring15m,none,,36,N,"윤곽 없음(원형 표본); 로비층 확정 필요(경사지, 출입구 정보 없음)"
122-4,교수아파트4,37.467960,126.957210,73.1,,,0,,,,,71.4,74.8,3.4,Y,73.1,ring15m,none,,36,N,"윤곽 없음(원형 표본); 로비층 확정 필요(경사지, 출입구 정보 없음)"
122-5,교수아파트5,37.468190,126.956970,76.0,,,0,,,,,73.9,78.7,4.9,Y,75.7,ring15m,none,,36,N,"윤곽 없음(원형 표본); 로비층 확정 필요(경사지, 출입구 정보 없음)"
122-6,교수아파트6,37.468460,126.957420,70.6,,,0,,,,,68.5,72.6,4.1,Y,70.5,ring15m,none,,36,N,"윤곽 없음(원형 표본); 로비층 확정 필요(경사지, 출입구 정보 없음)"
122-7,교수아파트7,37.468570,126.957050,74.9,,,0,,,,,72.9,77.1,4.2,Y,74.9,ring15m,none,,36,N,"윤곽 없음(원형 표본); 로비층 확정 필요(경사지, 출입구 정보 없음)"
125,호암교수회관,37.467920,126.958960,64.1,64.1,1층 기준면(평지),0,,,,,63.3,64.7,1.4,N,63.9,ring15m,none,,36,N,윤곽 없음(원형 표본)
126,호암동관,37.467630,126.959450,66.8,66.8,1층 기준면(평지),0,,,,,65.7,68.0,2.3,N,66.6,ring15m,none,,36,N,윤곽 없음(원형 표본)
127,호암서관,37.467350,126.958910,67.4,67.4,1층 기준면(평지),0,,,,,66.3,68.2,2.0,N,67.2,ring15m,none,,36,N,윤곽 없음(원형 표본)
128,호암창고,37.468120,126.959260,63.8,63.8,1층 기준면(평지),0,,,,,63.1,64.5,1.5,N,63.8,ring15m,none,,36,N,윤곽 없음(원형 표본)
129,수리과학연구동,37.457800,126.949480,89.4,89.4,1층 기준면(평지),0,,,,,88.2,90.6,2.5,N,89.3,ring15m,none,,36,Y,윤곽 없음(원형 표본)
130,기초전력연구소,37.454290,126.950790,116.5,,,0,,,,,114.3,118.5,4.1,Y,116.6,ring15m,none,,36,N,"윤곽 없음(원형 표본); 로비층 확정 필요(경사지, 출입구 정보 없음)"
131,신소재공동연구소,37.453590,126.950850,123.0,,,0,,,,,121.3,124.7,3.4,Y,123.0,ring15m,none,,36,N,"윤곽 없음(원형 표본); 로비층 확정 필요(경사지, 출입구 정보 없음)"
132,뉴미디어통신공동연구소,37.454870,126.954070,146.9,,,0,,,,,144.5,149.2,4.7,Y,146.9,ring15m,none,,36,Y,"윤곽 없음(원형 표본); 로비층 확정 필요(경사지, 출입구 정보 없음)"
133,자동화연구소,37.454390,126.950430,111.5,,,0,,,,,108.8,113.9,5.1,Y,111.5,ring15m,none,,36,N,"윤곽 없음(원형 표본); 로비층 확정 필요(경사지, 출입구 정보 없음)"
135,에너지신기술연구동,37.454390,126.952270,122.6,,,0,,,,,120.5,124.7,4.2,Y,122.6,ring15m,none,,36,Y,"윤곽 없음(원형 표본); 로비층 확정 필요(경사지, 출입구 정보 없음)"
137,언어교육원,37.466770,126.953260,82.6,,,0,,,,,80.8,84.0,3.3,Y,82.3,ring15m,none,,36,N,"윤곽 없음(원형 표본); 로비층 확정 필요(경사지, 출입구 정보 없음)"
137-1,CJ어학관,37.466400,126.953280,82.3,82.3,1층 기준면(평지),0,,,,,80.9,83.7,2.8,N,82.3,ring15m,none,,36,N,윤곽 없음(원형 표본)
137-2,대림국제관,37.466470,126.953850,87.6,,,0,,,,,85.8,89.8,4.1,Y,87.2,ring15m,none,,36,N,"윤곽 없음(원형 표본); 로비층 확정 필요(경사지, 출입구 정보 없음)"
138,컴퓨터연구소,37.455810,126.954740,158.4,,,0,,,,,155.5,161.3,5.7,Y,158.4,ring15m,none,,36,N,"윤곽 없음(원형 표본); 로비층 확정 필요(경사지, 출입구 정보 없음)"
139,공동기기원,37.455510,126.954270,149.7,,,0,,,,,147.1,152.1,5.0,Y,149.6,ring15m,none,,36,N,"윤곽 없음(원형 표본); 로비층 확정 필요(경사지, 출입구 정보 없음)"
140,국제대학원,37.464270,126.954870,100.7,,,0,,,,,98.6,103.1,4.5,Y,100.5,ring15m,none,,36,Y,"윤곽 없음(원형 표본); 로비층 확정 필요(경사지, 출입구 정보 없음)"
140-1,국제대학원2,37.464060,126.954600,100.2,,,0,,,,,98.2,102.2,4.0,Y,100.2,ring15m,none,,36,Y,"윤곽 없음(원형 표본); 로비층 확정 필요(경사지, 출입구 정보 없음)"
140-2,국제회의동,37.464480,126.954970,100.0,,,0,,,,,97.8,102.3,4.5,Y,99.9,ring15m,none,,36,Y,"윤곽 없음(원형 표본); 로비층 확정 필요(경사지, 출입구 정보 없음)"
141,약학관4,37.455700,126.953760,141.6,,,0,,,,,138.3,145.0,6.7,Y,141.6,ring15m,none,,36,N,"윤곽 없음(원형 표본); 로비층 확정 필요(경사지, 출입구 정보 없음)"
142,약학관5,37.456630,126.953700,141.6,,,0,,,,,137.8,145.4,7.6,Y,141.6,ring15m,none,,36,Y,"윤곽 없음(원형 표본); 로비층 확정 필요(경사지, 출입구 정보 없음)"
143,약대신약개발연구센터,37.458280,126.953080,114.6,,,0,,,,,111.3,118.1,6.7,Y,114.6,ring15m,none,,36,Y,"윤곽 없음(원형 표본); 로비층 확정 필요(경사지, 출입구 정보 없음)"
144,후문수위실,37.464660,126.957740,98.9,,,0,,,,,95.5,102.2,6.7,Y,98.9,ring15m,none,,36,N,"윤곽 없음(원형 표본); 로비층 확정 필요(경사지, 출입구 정보 없음)"
149,종합운동장본부석,37.464470,126.950700,68.4,68.4,1층 기준면(평지),0,,,,,67.7,69.2,1.6,N,68.4,ring15m,none,,36,N,윤곽 없음(원형 표본)
150,명예교수연구동,37.467040,126.950310,67.8,67.8,1층 기준면(평지),0,,,,,66.4,69.2,2.8,N,67.8,ring15m,none,,36,N,윤곽 없음(원형 표본)
151,미술관,37.466500,126.949690,61.6,61.6,1층 기준면(평지),0,,,,,60.6,62.7,2.2,N,61.6,ring15m,none,,36,N,윤곽 없음(원형 표본)
152,CJ인터내셔널센터,37.466240,126.951320,71.9,71.9,1층 기준면(평지),0,,,,,70.9,72.8,1.9,N,71.9,ring15m,none,,36,N,윤곽 없음(원형 표본)
152-1,롯데국제교육관,37.466570,126.951190,71.6,71.6,1층 기준면(평지),0,,,,,70.6,72.6,1.9,N,71.6,ring15m,none,,36,Y,윤곽 없음(원형 표본)
153,우정원 글로벌사회공헌센터,37.466420,126.952170,76.2,76.2,1층 기준면(평지),0,,,,,75.6,76.8,1.2,N,76.2,ring15m,none,,36,Y,윤곽 없음(원형 표본)
200,농업생명과학대학,37.457690,126.948680,85.6,85.6,1층 기준면(평지),0,,,,,84.9,86.2,1.3,N,85.6,ring15m,none,,36,Y,윤곽 없음(원형 표본)
201,농업생명과학대학환경관,37.456870,126.948520,89.3,89.3,1층 기준면(평지),0,,,,,88.4,90.2,1.8,N,89.3,ring15m,none,,36,Y,윤곽 없음(원형 표본)
203,SPC농생명과학 및 기초과학연구동,37.458340,126.948360,82.6,82.6,1층 기준면(평지),0,,,,,81.7,83.5,1.9,N,82.6,ring15m,none,,36,Y,윤곽 없음(원형 표본)
207,야외조각실습장1,37.464093,126.952949,86.8,,,0,,,,,85.3,88.3,3.0,Y,86.8,ring15m,none,,36,Y,"윤곽 없음(원형 표본); 로비층 확정 필요(경사지, 출입구 정보 없음)"
220,종합교육연구동,37.464510,126.954240,93.4,,,0,,,,,91.8,95.0,3.2,Y,93.4,ring15m,none,,36,Y,"윤곽 없음(원형 표본); 로비층 확정 필요(경사지, 출입구 정보 없음)"
221,보건대학원,37.464890,126.954690,94.4,,,0,,,,,92.8,96.0,3.2,Y,94.4,ring15m,none,,36,Y,"윤곽 없음(원형 표본); 로비층 확정 필요(경사지, 출입구 정보 없음)"
222,생활과학대학,37.464370,126.953180,86.6,86.6,1층 기준면(평지),0,,,,,85.2,88.0,2.8,N,86.5,ring15m,none,,36,Y,윤곽 없음(원형 표본)
223,관악 223동[우석경제관],37.465509,126.955673,104.2,,,0,,,,,102.3,106.2,3.9,Y,104.2,ring15m,none,,36,Y,"윤곽 없음(원형 표본); 로비층 확정 필요(경사지, 출입구 정보 없음)"
250,인문관연결동(1동-2동),37.460380,126.952650,90.5,90.5,1층 기준면(평지),0,,,,,89.6,91.3,1.8,N,90.5,ring15m,none,,36,N,윤곽 없음(원형 표본)
251,사회관연결동(6동-7동),37.460590,126.954620,105.6,,,0,,,,,103.1,108.4,5.3,Y,105.6,ring15m,none,,36,N,"윤곽 없음(원형 표본); 로비층 확정 필요(경사지, 출입구 정보 없음)"
252,교육관연결동(10동-11동),37.460100,126.955430,110.3,,,0,,,,,108.3,112.2,3.9,Y,110.3,ring15m,none,,36,N,"윤곽 없음(원형 표본); 로비층 확정 필요(경사지, 출입구 정보 없음)"
253,화학관연결동(22동-23동),37.458390,126.951180,91.8,91.8,1층 기준면(평지),0,,,,,90.6,93.2,2.6,N,91.8,ring15m,none,,36,N,윤곽 없음(원형 표본)
254,물리관연결동(25동-27동),37.458440,126.949990,89.0,89.0,1층 기준면(평지),0,,,,,88.6,89.5,0.9,N,89.0,ring15m,none,,36,N,윤곽 없음(원형 표본)
255,예능관연결동(51동-52동),37.463560,126.952900,90.0,90.0,1층 기준면(평지),0,,,,,88.8,91.4,2.6,N,90.0,ring15m,none,,36,N,윤곽 없음(원형 표본)
300,관악 300동[유회진 학술정보관],37.450950,126.952700,173.7,,,0,,,,,171.9,175.4,3.5,Y,173.7,ring15m,none,,36,Y,"윤곽 없음(원형 표본); 로비층 확정 필요(경사지, 출입구 정보 없음)"
301,제1공학관,37.450160,126.952590,185.4,,,0,,,,,182.8,188.1,5.3,Y,185.4,ring15m,none,,36,Y,"윤곽 없음(원형 표본); 로비층 확정 필요(경사지, 출입구 정보 없음)"
302,제2공학관,37.448870,126.952650,200.4,,,0,,,,,198.7,202.1,3.4,Y,200.3,ring15m,none,,36,Y,"윤곽 없음(원형 표본); 로비층 확정 필요(경사지, 출입구 정보 없음)"
310,엔지니어하우스,37.448620,126.951020,188.9,,,0,,,,,184.8,192.7,7.9,Y,188.8,ring15m,none,,36,N,"윤곽 없음(원형 표본); 로비층 확정 필요(경사지, 출입구 정보 없음)"
311,화학공정신기술연구소,37.448890,126.951790,195.5,,,0,,,,,191.7,199.0,7.3,Y,195.4,ring15m,none,,36,N,"윤곽 없음(원형 표본); 로비층 확정 필요(경사지, 출입구 정보 없음)"
312,정밀기계연구소실험연구동,37.450910,126.951880,169.2,,,0,,,,,165.8,172.5,6.7,Y,169.6,ring15m,none,,36,N,"윤곽 없음(원형 표본); 로비층 확정 필요(경사지, 출입구 정보 없음)"
313,정밀기계공동연구소,37.451230,126.951970,165.5,,,0,,,,,162.5,168.3,5.8,Y,166.1,ring15m,none,,36,N,"윤곽 없음(원형 표본); 로비층 확정 필요(경사지, 출입구 정보 없음)"
314,차세대자동차신기술연구소,37.451780,126.952430,162.3,,,0,,,,,160.6,164.1,3.5,Y,162.3,ring15m,none,,36,N,"윤곽 없음(원형 표본); 로비층 확정 필요(경사지, 출입구 정보 없음)"
316,대형구조실험동,37.447380,126.950310,199.2,,,0,,,,,197.0,201.6,4.5,Y,199.3,ring15m,none,,36,N,"윤곽 없음(원형 표본); 로비층 확정 필요(경사지, 출입구 정보 없음)"
330,제2파워플랜트,37.449850,126.950260,150.8,,,0,,,,,145.8,155.5,9.7,Y,150.6,ring15m,none,,36,N,"윤곽 없음(원형 표본); 로비층 확정 필요(경사지, 출입구 정보 없음)"
331,차량정비고,37.449370,126.950140,159.9,,,0,,,,,154.5,164.7,10.2,Y,159.9,ring15m,none,,36,N,"윤곽 없음(원형 표본); 로비층 확정 필요(경사지, 출입구 정보 없음)"
332,다목적차량보관소,37.449640,126.950060,150.0,,,0,,,,,143.7,155.6,11.9,Y,149.9,ring15m,none,,36,N,"윤곽 없음(원형 표본); 로비층 확정 필요(경사지, 출입구 정보 없음)"
500,대학원연구동(2단계),37.459219,126.948120,77.1,77.1,1층 기준면(평지),0,,,,,76.4,78.1,1.7,N,77.1,ring15m,none,,36,Y,윤곽 없음(원형 표본)
506,자연대 생명과학부 시약보관창고,37.460090,126.948220,74.6,,,0,,,,,72.6,76.5,3.9,Y,74.6,ring15m,none,,36,N,"윤곽 없음(원형 표본); 로비층 확정 필요(경사지, 출입구 정보 없음)"
900,(관악사)대학원 생활관,37.461490,126.958100,123.8,123.8,1층 기준면(평지),0,,,,,122.9,124.6,1.6,N,123.8,ring15m,none,,36,N,윤곽 없음(원형 표본)
902,(관악사)대학원 생활관,37.461560,126.957290,130.9,,,0,,,,,129.1,133.0,3.9,Y,130.9,ring15m,none,,36,N,"윤곽 없음(원형 표본); 로비층 확정 필요(경사지, 출입구 정보 없음)"
903,(관악사)대학원 생활관,37.461070,126.957600,128.1,128.1,1층 기준면(평지),0,,,,,127.1,128.8,1.7,N,128.1,ring15m,none,,36,N,윤곽 없음(원형 표본)
904,(관악사)대학원 생활관,37.460430,126.957630,130.8,130.8,1층 기준면(평지),0,,,,,129.9,131.9,2.0,N,130.8,ring15m,none,,36,N,윤곽 없음(원형 표본)
905,(관악사)대학원 생활관,37.461140,126.958540,125.6,125.6,1층 기준면(평지),0,,,,,124.6,126.7,2.1,N,125.5,ring15m,none,,36,N,윤곽 없음(원형 표본)
906,(관악사)대학원 생활관,37.462480,126.958350,116.4,,,0,,,,,114.6,118.0,3.4,Y,116.4,ring15m,none,,36,N,"윤곽 없음(원형 표본); 로비층 확정 필요(경사지, 출입구 정보 없음)"
915,관악 915동[외국인학생기숙사],37.465012,126.957503,103.3,,,0,,,,,99.8,106.9,7.1,Y,103.3,ring15m,none,,36,N,"윤곽 없음(원형 표본); 로비층 확정 필요(경사지, 출입구 정보 없음)"
916,관악 916동[외국인학생기숙사],37.465400,126.957139,107.5,,,0,,,,,103.3,111.8,8.4,Y,107.5,ring15m,none,,36,N,"윤곽 없음(원형 표본); 로비층 확정 필요(경사지, 출입구 정보 없음)"
917,관악 917동[외국인학생기숙사],37.465821,126.957455,94.2,,,0,,,,,90.7,97.9,7.3,Y,94.2,ring15m,none,,36,N,"윤곽 없음(원형 표본); 로비층 확정 필요(경사지, 출입구 정보 없음)"
918,(관악사)대학원 생활관,37.460580,126.958670,130.5,130.5,1층 기준면(평지),0,,,,,129.2,131.7,2.4,N,130.5,ring15m,none,,36,N,윤곽 없음(원형 표본)
919,(관악사)학부 생활관,37.463060,126.958720,106.6,,,0,,,,,103.8,109.3,5.5,Y,106.6,ring15m,none,,36,N,"윤곽 없음(원형 표본); 로비층 확정 필요(경사지, 출입구 정보 없음)"
920,관악사후생관,37.463940,126.959050,95.3,95.3,1층 기준면(평지),0,,,,,93.8,96.3,2.5,N,95.0,ring15m,none,,36,N,윤곽 없음(원형 표본)
921,(관악사)학부 생활관,37.463350,126.959030,100.3,,,0,,,,,97.8,101.7,3.9,Y,99.7,ring15m,none,,36,N,"윤곽 없음(원형 표본); 로비층 확정 필요(경사지, 출입구 정보 없음)"
922,(관악사)학부 생활관,37.463000,126.959250,104.8,,,0,,,,,103.1,106.4,3.3,Y,104.8,ring15m,none,,36,N,"윤곽 없음(원형 표본); 로비층 확정 필요(경사지, 출입구 정보 없음)"
923,(관악사)학부 생활관,37.463410,126.959550,101.7,,,0,,,,,100.0,103.2,3.2,Y,101.7,ring15m,none,,36,N,"윤곽 없음(원형 표본); 로비층 확정 필요(경사지, 출입구 정보 없음)"
924,(관악사)학부 생활관,37.463620,126.959460,99.4,99.4,1층 기준면(평지),0,,,,,97.9,100.7,2.8,N,99.2,ring15m,none,,36,N,윤곽 없음(원형 표본)
925,(관악사)학부 생활관,37.464090,126.958600,96.9,,,0,,,,,94.9,99.3,4.4,Y,96.9,ring15m,none,,36,N,"윤곽 없음(원형 표본); 로비층 확정 필요(경사지, 출입구 정보 없음)"
926,(관악사)학부 생활관,37.464290,126.958990,93.2,93.2,1층 기준면(평지),0,,,,,91.7,94.2,2.5,N,92.7,ring15m,none,,36,N,윤곽 없음(원형 표본)
931,가족생활관1,37.467110,126.958660,68.9,68.9,1층 기준면(평지),0,,,,,68.0,69.7,1.7,N,68.9,ring15m,none,,36,N,윤곽 없음(원형 표본)
932,가족생활관2,37.466840,126.958620,70.7,70.7,1층 기준면(평지),0,,,,,69.7,72.0,2.3,N,70.5,ring15m,none,,36,N,윤곽 없음(원형 표본)
933,가족생활관3,37.466790,126.959110,72.3,,,0,,,,,70.7,74.0,3.3,Y,72.3,ring15m,none,,36,N,"윤곽 없음(원형 표본); 로비층 확정 필요(경사지, 출입구 정보 없음)"
934,가족생활관4,37.466760,126.959420,74.7,,,0,,,,,73.0,76.5,3.6,Y,74.7,ring15m,none,,36,N,"윤곽 없음(원형 표본); 로비층 확정 필요(경사지, 출입구 정보 없음)"
935,가족생활관5,37.467350,126.959660,70.1,,,0,,,,,68.6,71.8,3.2,Y,70.1,ring15m,none,,36,N,"윤곽 없음(원형 표본); 로비층 확정 필요(경사지, 출입구 정보 없음)"
936,교직원아파트,37.467080,126.959850,74.1,,,0,,,,,72.3,75.9,3.7,Y,74.1,ring15m,none,,36,N,"윤곽 없음(원형 표본); 로비층 확정 필요(경사지, 출입구 정보 없음)"
940,연구공원지원시설,37.465880,126.959520,83.8,,,0,,,,,82.0,85.7,3.7,Y,83.8,ring15m,none,,36,N,"윤곽 없음(원형 표본); 로비층 확정 필요(경사지, 출입구 정보 없음)"
941,백학어린이집,37.466260,126.958260,78.3,,,0,,,,,76.4,80.3,4.0,Y,78.3,ring15m,none,,36,N,"윤곽 없음(원형 표본); 로비층 확정 필요(경사지, 출입구 정보 없음)"
941-1,느티나무어린이집,37.465890,126.958760,79.6,,,0,,,,,78.2,81.2,3.0,Y,79.6,ring15m,none,,36,N,"윤곽 없음(원형 표본); 로비층 확정 필요(경사지, 출입구 정보 없음)"
942,LG연구동,37.465870,126.960880,99.6,,,0,,,,,97.4,101.8,4.4,Y,99.5,ring15m,none,,36,Y,"윤곽 없음(원형 표본); 로비층 확정 필요(경사지, 출입구 정보 없음)"
943,SK텔레콤,37.466370,126.960590,91.8,,,0,,,,,88.9,94.7,5.8,Y,91.8,ring15m,none,,36,N,"윤곽 없음(원형 표본); 로비층 확정 필요(경사지, 출입구 정보 없음)"
945,웅진R&D센터,37.465270,126.960650,96.4,96.4,1층 기준면(평지),0,,,,,95.3,97.2,1.9,N,96.2,ring15m,none,,36,N,윤곽 없음(원형 표본)
946,BK국제관,37.465310,126.958410,87.5,,,0,,,,,85.4,89.9,4.5,Y,87.5,ring15m,none,,36,N,"윤곽 없음(원형 표본); 로비층 확정 필요(경사지, 출입구 정보 없음)"
950,국제백신연구소,37.464780,126.959920,96.2,,,0,,,,,94.3,98.0,3.7,Y,96.3,ring15m,none,,36,N,"윤곽 없음(원형 표본); 로비층 확정 필요(경사지, 출입구 정보 없음)"
