building,name,entrance_no,lat,lon,ground_m,rel_to_1f_m,floor_est,floor_checked,kind,source,osm_id,osm_level,note
1,인문관1,1,37.460383,126.952018,92.8,-1.1,1층,,yes,osm-entrance,4564750845,,
1,인문관1,2,37.460178,126.952293,93.9,+0.0,1층,,,osm-path-end,167982833,,
1,인문관1,3,37.460185,126.952679,96.3,+2.4,2층,,yes,osm-entrance,4564750848,,
2,인문관2,1,37.460465,126.952641,95.3,-1.5,1층,,yes,osm-entrance,4564750849,,
2,인문관2,2,37.460541,126.952678,95.3,-1.6,1층,,yes,osm-entrance,4564750850,,
2,인문관2,3,37.460311,126.952592,95.6,-1.3,1층,,yes,osm-entrance,4564750847,,
2,인문관2,4,37.460318,126.952740,96.1,-0.8,1층,,yes,osm-entrance,4564750851,,
2,인문관2,5,37.460448,126.953137,97.4,+0.5,1층,,,osm-path-end,167982831,,
2,인문관2,6,37.460397,126.953235,98.1,+1.2,1층,,yes,osm-entrance,4564750853,,
2,인문관2,7,37.460291,126.953254,98.7,+1.9,1층,,yes,osm-entrance,4564750854,,
3,인문관3,1,37.460804,126.953464,99.1,-0.1,1층,,yes,osm-entrance,4564750844,,
3,인문관3,2,37.460751,126.953696,99.9,+0.7,1층,,yes,osm-entrance,4564750856,,
3,인문관3,3,37.460983,126.953742,100.0,+0.8,1층,,yes,osm-entrance,4564750857,,
4,신양인문학술정보관,1,37.460782,126.953219,97.6,-1.4,1층,,yes,osm-entrance,4564750842,,
4,신양인문학술정보관,2,37.460765,126.953308,98.0,-1.0,1층,,,osm-path-end,167982831,,
4,신양인문학술정보관,3,37.460816,126.953414,98.9,-0.1,1층,,yes,osm-entrance,4564750843,,
5,인문관4,1,37.460732,126.953899,100.2,-0.9,1층,,yes,osm-entrance,4564750859,,
5,인문관4,2,37.460367,126.953648,100.3,-0.8,1층,,yes,osm-entrance,4564750860,,
5,인문관4,3,37.460982,126.954085,100.3,-0.8,1층,,,osm-path-end,456540173,,
5,인문관4,4,37.460919,126.954181,101.2,+0.1,1층,,yes,osm-entrance,4564750858,,
5,인문관4,5,37.460859,126.954256,102.0,+0.9,1층,,yes,osm-entrance,4564750862,,
5,인문관4,6,37.460397,126.953903,102.4,+1.3,1층,,yes,osm-entrance,4564750861,,
6,인문관5,1,37.460853,126.954300,102.6,-2.7,지하1층,,yes,osm-entrance,4564750863,,
6,인문관5,2,37.460710,126.954339,102.8,-2.5,지하1층,,yes,osm-entrance,4564750864,,
6,인문관5,3,37.460939,126.954364,104.1,-1.2,1층,,,osm-path-end,167609408,,
6,인문관5,4,37.460608,126.954753,107.1,+1.9,1층,,yes,osm-entrance,4564750865,,
6,인문관5,5,37.460768,126.954714,107.4,+2.1,2층,,,osm-path-end,456540183,,
6,인문관5,6,37.460729,126.954795,107.5,+2.2,2층,,,osm-path-end,456540187,,
7,인문관6,1,37.460578,126.954474,104.7,-2.6,지하1층,,yes,osm-entrance,4564750867,,
7,인문관6,2,37.460518,126.954696,107.3,-0.0,1층,,yes,osm-entrance,4564750866,,
7,인문관6,3,37.459961,126.954105,108.1,+0.7,1층,,yes,osm-entrance,4564750871,,
7,인문관6,4,37.460063,126.954364,109.4,+2.1,2층,,yes,osm-entrance,4564750870,,
8,두산인문관,1,37.460261,126.953908,103.4,-0.8,1층,,yes,osm-entrance,4564750869,,
8,두산인문관,2,37.460217,126.954097,104.9,+0.8,1층,,yes,osm-entrance,4564750868,,
9,사범관1,1,37.460342,126.954796,109.8,-1.1,1층,,yes,osm-entrance,4564750877,,
9,사범관1,2,37.459941,126.954485,110.4,-0.5,1층,,yes,osm-entrance,1613903007,,
9,사범관1,3,37.460501,126.955056,110.6,-0.3,1층,,yes,osm-entrance,4564750878,,
9,사범관1,4,37.460399,126.955102,111.4,+0.5,1층,,yes,osm-entrance,4564750879,,
10,사범관2,1,37.460385,126.955161,111.9,-2.7,지하1층,,yes,osm-entrance,4564750880,,
10,사범관2,2,37.460240,126.955226,113.2,-1.3,1층,,yes,osm-entrance,4564750881,,
10,사범관2,3,37.460179,126.955599,116.4,+1.8,1층,,yes,osm-entrance,4564750885,,
10,사범관2,4,37.460042,126.955493,117.1,+2.6,2층,,yes,osm-entrance,4564750883,,
10-1,사범대교육정보관,1,37.460131,126.955640,117.1,-4.8,지하1층,,,osm-path-join,456540230,,
10-1,사범대교육정보관,2,37.460270,126.955743,117.6,-4.3,지하1층,,,osm-path-join,456540230,,
10-1,사범대교육정보관,3,37.460018,126.955726,119.0,-2.9,지하1층,,yes,osm-entrance,4564750884,,
11,사범관3,1,37.460079,126.955347,115.7,-1.0,1층,,yes,osm-entrance,4564750882,,
11,사범관3,2,37.459747,126.955053,116.0,-0.7,1층,,,osm-path-end,300586780,,
12,사범교육협력센터,1,37.459655,126.954648,114.0,-1.3,1층,,yes,osm-entrance,4564809431,,
12,사범교육협력센터,2,37.459704,126.954902,114.7,-0.5,1층,,yes,osm-entrance,4564809433,,
12,사범교육협력센터,3,37.459386,126.954632,116.5,+1.2,1층,,,osm-path-end,167597859,,
12,사범교육협력센터,4,37.459326,126.954932,116.9,+1.7,1층,,yes,osm-entrance,4564809432,,
12,사범교육협력센터,5,37.459256,126.954723,118.5,+3.2,2층,,,osm-path-end,435329621,,
13,과학교육관,1,37.459336,126.953978,116.2,-1.4,1층,,yes,osm-entrance,4564809435,,
13,과학교육관,2,37.459393,126.954350,116.9,-0.7,1층,,yes,osm-entrance,4564809434,,
13,과학교육관,3,37.459047,126.953373,118.0,+0.4,1층,,yes,osm-entrance,3046617635,,
13,과학교육관,4,37.459047,126.953692,119.0,+1.3,1층,,yes,osm-entrance,4564809437,,
14,인문관7,1,37.461014,126.954720,110.0,-1.7,1층,,,osm-path-end,456540167,,
14,인문관7,2,37.460678,126.955255,113.0,+1.3,1층,,,osm-path-end,167982827,,
15,법학관1,1,37.462239,126.951451,83.5,-1.1,1층,,yes,osm-entrance,4564809472,,
15,법학관1,2,37.462092,126.951534,83.6,-0.9,1층,,yes,osm-entrance,4564809479,,
15,법학관1,3,37.462563,126.951992,85.8,+1.3,1층,,yes,osm-entrance,4564809475,,
16,사회과학관,1,37.462884,126.951189,79.0,-3.4,지하1층,,yes,osm-entrance,4564809464,,
16,사회과학관,2,37.463247,126.950839,80.0,-2.5,지하1층,,yes,osm-entrance,14007509789,,
16,사회과학관,3,37.463354,126.951096,81.4,-1.1,1층,,yes,osm-entrance,4564809455,,
16,사회과학관,4,37.463954,126.950875,83.8,+1.3,1층,,yes,osm-entrance,4564809456,,
16,사회과학관,5,37.464238,126.951291,84.0,+1.5,1층,,yes,osm-entrance,4564809460,,
16,사회과학관,6,37.464043,126.951244,84.9,+2.4,2층,,yes,osm-entrance,4564809461,,
16-1,신양학술정보관Ⅲ,1,37.462806,126.950808,75.7,-2.0,지하1층,,yes,osm-entrance,4564809466,,
16-1,신양학술정보관Ⅲ,2,37.462615,126.950823,76.5,-1.2,1층,,yes,osm-entrance,4564809469,,
16-1,신양학술정보관Ⅲ,3,37.462631,126.950974,77.8,+0.0,1층,,yes,osm-entrance,4564809470,,
16-1,신양학술정보관Ⅲ,4,37.462836,126.951122,78.3,+0.6,1층,,yes,osm-entrance,4564809465,,
16-1,신양학술정보관Ⅲ,5,37.462777,126.951232,79.3,+1.6,1층,,,osm-path-end,456487343,,
17,법학관2,1,37.462737,126.951835,84.3,-0.1,1층,,yes,osm-entrance,4564809467,,
17,법학관2,2,37.462691,126.952009,85.6,+1.2,1층,,yes,osm-entrance,4564809468,,
18,자연과학관1,1,37.456774,126.952687,128.5,-0.2,1층,,yes,osm-entrance,4564998581,,
19,자연과학관2,1,37.456184,126.952642,126.6,-1.7,1층,,yes,osm-entrance,4564998582,,
19,자연과학관2,2,37.455903,126.952764,129.5,+1.2,1층,,yes,osm-entrance,13617795539,,
20,약학관3,1,37.458582,126.952595,115.6,-2.8,지하1층,,yes,osm-entrance,4564809439,,
20,약학관3,2,37.458363,126.952446,117.8,-0.7,1층,,yes,osm-entrance,4332551611,,
20,약학관3,3,37.458314,126.952578,119.3,+0.8,1층,,yes,osm-entrance,4332551614,,
20,약학관3,4,37.458433,126.952739,119.3,+0.8,1층,,yes,osm-entrance,4564809440,,
20,약학관3,5,37.458671,126.953061,120.8,+2.3,2층,,yes,osm-entrance,4564809438,,
21,약학관1,1,37.457439,126.952012,118.2,-0.3,1층,,yes,osm-entrance,4332551622,,
22,자연과학관4,1,37.458093,126.950927,96.9,-2.0,지하1층,,yes,osm-entrance,4562088385,,
22,자연과학관4,2,37.458261,126.951148,98.5,-0.4,1층,,yes,osm-entrance,4562088384,,
22,자연과학관4,3,37.457527,126.950752,99.1,+0.2,1층,,yes,osm-entrance,4562088388,,
22,자연과학관4,4,37.457599,126.950913,100.1,+1.2,1층,,yes,osm-entrance,4562088387,,
22,자연과학관4,5,37.458033,126.951150,101.1,+2.2,2층,,yes,osm-entrance,4562088386,,
23,자연과학관5,1,37.458677,126.950781,92.8,-2.4,지하1층,,yes,osm-entrance,4562088379,,
23,자연과학관5,2,37.458458,126.951091,95.7,+0.5,1층,,yes,osm-entrance,4562088380,,
23,자연과학관5,3,37.458433,126.951299,99.0,+3.7,2층,,yes,osm-entrance,4562088381,,
24,자연과학관6,1,37.459774,126.950091,87.0,-1.3,1층,,yes,osm-entrance,4562088355,,
24,자연과학관6,2,37.459621,126.950153,87.7,-0.6,1층,,yes,osm-entrance,4562088356,,
24,자연과학관6,3,37.459080,126.949737,88.5,+0.3,1층,,yes,osm-entrance,4562088362,,
24,자연과학관6,4,37.459269,126.949973,88.9,+0.6,1층,,yes,osm-entrance,4562088357,,
25,자연과학관7,1,37.459097,126.950138,89.1,+0.0,1층,,yes,osm-entrance,4562088370,,
25,자연과학관7,2,37.458844,126.950142,89.2,+0.1,1층,,,osm-path-join,455015958,,
25,자연과학관7,3,37.458369,126.949780,89.3,+0.2,1층,,yes,osm-entrance,4562088374,,
25,자연과학관7,4,37.459067,126.950257,89.3,+0.2,1층,,,osm-path-end,300590318,,
25,자연과학관7,5,37.458406,126.949923,89.4,+0.3,1층,,,osm-path-join,455015957,,
25-1,자연대강의및실험연구동(25-1동),1,37.458954,126.949675,88.7,+0.7,1층,,yes,osm-entrance,4562088371,,
26,자연과학관8,1,37.458815,126.950185,89.3,-1.3,1층,,,osm-path-join,455015958,,
27,자연과학관9,1,37.458329,126.950034,90.0,-2.3,지하1층,,yes,osm-entrance,4562088375,,
27,자연과학관9,2,37.458182,126.950211,91.3,-0.9,1층,,yes,osm-entrance,1790388362,,
27,자연과학관9,3,37.457949,126.949833,92.5,+0.3,1층,,yes,osm-entrance,4562088376,,
27,자연과학관9,4,37.457704,126.949845,94.3,+2.0,2층,,yes,osm-entrance,4562088378,,
28,자연대(대형),1,37.457782,126.950320,95.0,-1.3,1층,,yes,osm-entrance,1790388389,,
28,자연대(대형),2,37.457502,126.950115,97.1,+0.8,1층,,,osm-path-join,167658422,,
28,자연대(대형),3,37.457524,126.950268,97.7,+1.4,1층,,yes,osm-entrance,4562088383,,
30,공학관1,1,37.456574,126.950777,108.3,+2.3,2층,,yes,osm-entrance,4564998563,,
30,공학관1,2,37.456524,126.950916,108.5,+2.5,2층,,yes,osm-entrance,4564998562,,
30,공학관1,3,37.456364,126.950940,109.1,+3.1,2층,,yes,osm-entrance,4564998570,,
31,공학관2,1,37.457164,126.950305,102.6,-0.3,1층,,yes,osm-entrance,4564998559,,
31,공학관2,2,37.456916,126.950018,105.0,+2.1,2층,,yes,osm-entrance,4564998557,,
31,공학관2,3,37.456934,126.950237,105.0,+2.1,2층,,yes,osm-entrance,4564998558,,
32,공학관3,1,37.456362,126.949776,105.0,-0.5,1층,,,osm-path-end,457001540,,
32-1,해동학술문화관(32-1동),1,37.456308,126.949669,105.0,+0.0,1층,,,osm-path-join,389628252,,
32-1,해동학술문화관(32-1동),2,37.456252,126.949874,105.0,+0.0,1층,,,osm-path-join,1544714454,,
32-1,해동학술문화관(32-1동),3,37.456068,126.949918,105.0,+0.0,1층,,,osm-path-end,1544778677,,
33,공학관4,1,37.456137,126.950242,105.7,-2.0,1층,,yes,osm-entrance,4564998568,,
33,공학관4,2,37.456165,126.950693,108.6,+1.0,1층,,yes,osm-entrance,4564998569,,
34,공학관5,1,37.456167,126.951337,110.9,-4.5,지하1층,,yes,osm-entrance,13617883882,,
34,공학관5,2,37.455869,126.951668,119.3,+3.9,2층,,yes,osm-entrance,13617883883,,
35,공학관6,1,37.456127,126.951970,115.0,-2.8,지하1층,,,osm-path-join,460919047,,
35,공학관6,2,37.456479,126.952217,119.6,+1.9,1층,,yes,osm-entrance,8298752817,,
35,공학관6,3,37.457042,126.952108,121.3,+3.6,2층,,yes,osm-entrance,8298752917,,
36,공학관7,1,37.455411,126.951078,113.5,-2.5,지하1층,,yes,osm-entrance,13617795535,,
36,공학관7,2,37.455577,126.951798,117.6,+1.7,1층,,yes,osm-entrance,4564998587,,
37,공학관8,1,37.456048,126.950704,108.5,-2.0,지하1층,,yes,osm-entrance,4564998583,,
37,공학관8,2,37.455911,126.950869,109.9,-0.6,1층,,yes,osm-entrance,4564998584,,
37,공학관8,3,37.455404,126.950944,113.2,+2.6,2층,,yes,osm-entrance,4564998585,,
38,글로벌공학교육센터,1,37.455115,126.950802,115.2,-1.7,1층,,yes,osm-entrance,4531601928,,
38,글로벌공학교육센터,2,37.455045,126.950102,115.3,-1.7,1층,,yes,osm-entrance,1084800604,,
38,글로벌공학교육센터,3,37.455089,126.950545,115.3,-1.7,1층,,yes,osm-entrance,4531601930,,
38,글로벌공학교육센터,4,37.455126,126.950912,115.3,-1.7,1층,,,osm-path-end,1544778673,,
39,대학원연구동(1단계),1,37.454583,126.951823,121.5,+1.1,1층,,,osm-path-end,460919053,,
39,대학원연구동(1단계),2,37.454361,126.951498,122.3,+1.9,1층,,yes,osm-entrance,4564999901,,
40,풍동실험동1,1,37.454300,126.951591,123.5,-0.6,1층,,,osm-path-end,386814646,,
40,풍동실험동1,2,37.454126,126.951311,124.6,+0.5,1층,,yes,osm-entrance,4564999914,,
42,선형수조실험동,1,37.455145,126.952347,132.0,-2.1,지하1층,,yes,osm-entrance,4564999915,,
43,데이터사이언스대학원 및 공과대학 강의동 1,1,37.457311,126.951567,113.6,-1.7,1층,,yes,osm-entrance,4564998573,,
43-1,이공계멀티미디어강의동(43-1동),1,37.456680,126.951247,109.5,-1.0,1층,,yes,osm-entrance,4564998571,,
43-1,이공계멀티미디어강의동(43-1동),2,37.456788,126.951458,111.2,+0.7,1층,,yes,osm-entrance,4564998572,,
43-1,이공계멀티미디어강의동(43-1동),3,37.456729,126.951545,111.9,+1.4,1층,,,osm-path-end,457001556,,
43-2,관악 43-2동[데이터사이언스대학원 및 공과대학 강의동 2],1,37.457043,126.951352,110.5,+3.0,2층,,,osm-path-end,457001553,,
44,풍동실험동2,1,37.454708,126.951975,125.0,-0.6,1층,,yes,osm-entrance,4564999911,,
44-1,신양학술정보관,1,37.455441,126.951949,122.6,-3.1,지하1층,,,osm-path-end,1485374568,,
44-1,신양학술정보관,2,37.455135,126.951953,123.8,-1.9,1층,,yes,osm-entrance,4564999900,,
45,천문대(신),1,37.454060,126.952657,137.8,-0.8,1층,,yes,osm-entrance,4564999932,,
49,예술관연구동,1,37.463557,126.954192,108.7,-6.0,지하1층,,yes,osm-entrance,3902467478,,
49,예술관연구동,2,37.463336,126.954166,110.8,-3.8,지하1층,,yes,osm-entrance,3902467472,,
49,예술관연구동,3,37.462984,126.953837,110.9,-3.8,지하1층,,yes,osm-entrance,4564623360,,
49,예술관연구동,4,37.463552,126.954367,112.7,-1.9,1층,,yes,osm-entrance,4752485021,,
50,예술관(미대)1,1,37.463162,126.952327,90.0,-1.1,1층,,yes,osm-entrance,4564623341,,
50,예술관(미대)1,2,37.462722,126.952556,93.8,+2.7,2층,,yes,osm-entrance,4564623339,,
50,예술관(미대)1,3,37.462865,126.952565,94.8,+3.8,2층,,yes,osm-entrance,4564623340,,
51,예술관(미대)2,1,37.463452,126.952522,91.6,-1.7,1층,,yes,osm-entrance,4373702873,,
51,예술관(미대)2,2,37.463481,126.952441,92.5,-0.8,1층,,yes,osm-entrance,4564623342,,
51,예술관(미대)2,3,37.463453,126.952727,92.8,-0.5,1층,,yes,osm-entrance,4527864818,,
51,예술관(미대)2,4,37.463674,126.952745,94.2,+0.9,1층,,yes,osm-entrance,4527864819,,
52,예술관(미대)3,1,37.463636,126.953047,95.1,-2.3,지하1층,,yes,osm-entrance,4564623346,,
52,예술관(미대)3,2,37.463427,126.953160,97.6,+0.2,1층,,yes,osm-entrance,4564623348,,
52,예술관(미대)3,3,37.463864,126.953525,98.9,+1.5,1층,,,osm-path-end,455018306,,
52,예술관(미대)3,4,37.463617,126.953403,99.4,+2.0,2층,,yes,osm-entrance,4564623347,,
52-1,미대교양실습동(52-1동),1,37.463713,126.953029,95.0,-2.4,지하1층,,yes,osm-entrance,4564623345,,
52-1,미대교양실습동(52-1동),2,37.463864,126.953525,98.9,+1.5,1층,,,osm-path-end,455018306,,
53,예술관(음대)1,1,37.463275,126.953556,102.4,-0.7,1층,,yes,osm-entrance,4373703131,,
53,예술관(음대)1,2,37.463362,126.953654,103.4,+0.3,1층,,yes,osm-entrance,4564623349,,
53,예술관(음대)1,3,37.462915,126.953454,103.8,+0.7,1층,,yes,osm-entrance,4564623351,,
54,예술관(음대)2,1,37.462827,126.953041,98.5,-3.3,지하1층,,yes,osm-entrance,4564623352,,
54,예술관(음대)2,2,37.462707,126.953216,100.7,-1.1,1층,,yes,osm-entrance,4564623353,,
54,예술관(음대)2,3,37.462402,126.953378,103.6,+1.8,1층,,yes,osm-entrance,4564623357,,
55,예술관(음대)3,1,37.462521,126.952884,97.4,+0.2,1층,,yes,osm-entrance,4564623356,,
55,예술관(음대)3,2,37.462407,126.953043,100.0,+2.7,2층,,yes,osm-entrance,4564623355,,
56,자연과학관10,1,37.457593,126.951198,104.7,-2.4,지하1층,,yes,osm-entrance,4562091892,,
56,자연과학관10,2,37.457925,126.951363,105.8,-1.3,1층,,yes,osm-entrance,4562091891,,
56,자연과학관10,3,37.457987,126.951615,105.9,-1.2,1층,,,osm-path-join,248013971,,
56,자연과학관10,4,37.457532,126.951433,110.1,+3.0,2층,,yes,osm-entrance,4562091894,,
56,자연과학관10,5,37.457825,126.951571,110.1,+3.0,2층,,yes,osm-entrance,4562091893,,
57,행정대학원,1,37.465316,126.953126,86.1,+0.4,1층,,yes,osm-entrance,4563745369,,
57,행정대학원,2,37.465382,126.953243,87.6,+1.9,1층,,yes,osm-entrance,4373702817,,
57-1,행정대학원,1,37.465307,126.953268,87.8,-3.7,지하1층,,yes,osm-entrance,4563745370,,
57-1,행정대학원,2,37.465043,126.953576,93.4,+1.9,1층,,yes,osm-entrance,4563745371,,
57-1,행정대학원,3,37.464903,126.953718,94.9,+3.4,2층,,yes,osm-entrance,4514838230,,
58,SK경영관,1,37.465179,126.951708,79.3,-0.5,1층,,yes,osm-entrance,4563745360,,
58,SK경영관,2,37.465622,126.951757,79.3,-0.4,1층,,yes,osm-entrance,4563745354,,
58,SK경영관,3,37.465382,126.951977,79.7,-0.1,1층,,yes,osm-entrance,4563745356,,
58,SK경영관,4,37.465595,126.952024,79.8,+0.0,1층,,yes,osm-entrance,4563745355,,
58,SK경영관,5,37.465551,126.952679,80.0,+0.3,1층,,yes,osm-entrance,4563745358,,
59,LG경영관(경영연구관및산학협동관),1,37.465156,126.952843,80.7,-3.6,지하1층,,,osm-path-end,456922939,,
59,LG경영관(경영연구관및산학협동관),2,37.465025,126.952331,80.8,-3.6,지하1층,,yes,osm-entrance,4563745366,,
59,LG경영관(경영연구관및산학협동관),3,37.465123,126.952929,82.1,-2.2,지하1층,,,osm-path-end,456922941,,
59,LG경영관(경영연구관및산학협동관),4,37.464837,126.953195,88.4,+4.1,2층,,,osm-path-end,456922959,,
59-1,관악 59-1동[매니지먼트센터],1,37.465156,126.952843,80.7,-0.4,1층,,,osm-path-end,456922939,,
59-1,관악 59-1동[매니지먼트센터],2,37.465025,126.952331,80.8,-0.4,1층,,yes,osm-entrance,4563745366,,
60,행정관,1,37.460118,126.951259,87.5,-0.7,1층,,yes,osm-entrance,4562091896,,
60,행정관,2,37.459978,126.951076,87.6,-0.6,1층,,yes,osm-entrance,4562091895,,
61,기초교육원,1,37.460015,126.953545,104.2,-2.3,지하1층,,yes,osm-entrance,4564750872,,
61,기초교육원,2,37.459677,126.953377,104.9,-1.6,1층,,yes,osm-entrance,2044015696,,
61,기초교육원,3,37.459715,126.953765,107.4,+0.9,1층,,yes,osm-entrance,2044015684,,
61,기초교육원,4,37.459860,126.953975,108.1,+1.6,1층,,yes,osm-entrance,2044015688,,
62,중앙도서관 본관,1,37.459410,126.951721,95.1,-4.2,지하1층,,yes,osm-entrance,4562091897,,
62-1,중앙도서관 관정관,1,37.459330,126.952943,108.0,+1.7,1층,,yes,osm-entrance,4562091901,,
62-1,중앙도서관 관정관,2,37.458523,126.951981,108.3,+1.9,1층,,yes,osm-entrance,4562091900,,
62-1,중앙도서관 관정관,3,37.458573,126.952047,108.7,+2.3,2층,,yes,osm-entrance,4562091899,,
63,학생회관,1,37.459600,126.950556,87.9,-1.6,1층,,yes,osm-entrance,4562088364,,
63,학생회관,2,37.459506,126.950826,88.8,-0.6,1층,,yes,osm-entrance,4562088365,,
63,학생회관,3,37.459322,126.950213,88.9,-0.6,1층,,yes,osm-entrance,4562088368,,
63,학생회관,4,37.459185,126.950380,89.3,-0.2,1층,,yes,osm-entrance,4562088369,,
63,학생회관,5,37.459229,126.950672,89.6,+0.1,1층,,yes,osm-entrance,4562088366,,
63,학생회관,6,37.458975,126.950638,90.3,+0.8,1층,,yes,osm-entrance,4562088367,,
63,학생회관,7,37.458975,126.950997,92.7,+3.2,2층,,yes,osm-entrance,2044015745,,
64,IBK커뮤니케이션센터,1,37.463826,126.949140,67.3,-4.9,지하1층,,yes,osm-entrance,4564809442,,
67,NH농협두레문예관,1,37.463520,126.949435,69.5,-3.2,지하1층,,yes,osm-entrance,4564809444,,
67,NH농협두레문예관,2,37.463428,126.949737,71.6,-1.2,1층,,yes,osm-entrance,4564809445,,
67,NH농협두레문예관,3,37.463715,126.949604,75.0,+2.3,2층,,yes,osm-entrance,4564809443,,
70,박물관,1,37.464543,126.951806,84.9,+0.4,1층,,yes,osm-entrance,4563745374,,
71,체육관,1,37.466977,126.952705,80.7,-0.5,1층,,,osm-path-end,1544364811,,
72,법학도서관,1,37.461881,126.951623,83.4,-1.5,1층,,yes,osm-entrance,4564809480,,
74,예술복합연구동,1,37.461948,126.952727,100.0,-0.7,1층,,yes,osm-entrance,4564623362,,
74,예술복합연구동,2,37.461755,126.952753,100.0,-0.7,1층,,yes,osm-entrance,4564623365,,
74,예술복합연구동,3,37.462015,126.952806,100.0,-0.7,1층,,yes,osm-entrance,4564623363,,
74,예술복합연구동,4,37.461803,126.952964,100.0,-0.7,1층,,,osm-path-end,168003059,,
74,예술복합연구동,5,37.461855,126.953089,100.0,-0.7,1층,,yes,osm-entrance,4564623366,,
74,예술복합연구동,6,37.462035,126.953245,100.0,-0.7,1층,,yes,osm-entrance,4564623364,,
75,복지관,1,37.456266,126.949117,100.5,+1.1,1층,,yes,osm-entrance,4564998555,,
75,복지관,2,37.455955,126.949286,101.0,+1.7,1층,,yes,osm-entrance,4564998556,,
75-1,제3학생식당,1,37.456531,126.948714,92.8,+2.1,2층,,yes,osm-entrance,2583216312,,
76,제4식당(서당골),1,37.460639,126.955596,116.9,-2.5,지하1층,,yes,osm-entrance,4564809430,,
82,환경대학원,1,37.462225,126.954004,118.5,-1.0,1층,,yes,osm-entrance,4566528829,,
82,환경대학원,2,37.462016,126.954357,122.8,+3.2,2층,,yes,osm-entrance,4566528831,,
82,환경대학원,3,37.462290,126.954281,123.5,+3.9,2층,,yes,osm-entrance,4566528830,,
83,인문사회계멀티미디어강의동,1,37.463399,126.951372,84.4,-3.3,지하1층,,yes,osm-entrance,4564809462,,
83,인문사회계멀티미디어강의동,2,37.463514,126.951867,90.3,+2.6,2층,,yes,osm-entrance,4564809463,,
84,근대법학교육100주년기념관,1,37.462332,126.952012,85.1,-3.4,지하1층,,yes,osm-entrance,4564809476,,
84,근대법학교육100주년기념관,2,37.462369,126.952319,89.7,+1.3,1층,,yes,osm-entrance,2467458753,,
84,근대법학교육100주년기념관,3,37.462115,126.952300,90.6,+2.1,2층,,yes,osm-entrance,2467458744,,
100,버들골 풍산마당,1,37.458499,126.955230,130.0,-1.3,1층,,,osm-path-join,193893596,,
101,아시아연구소,1,37.463163,126.950019,72.4,-1.5,1층,,yes,osm-entrance,4564809446,,
101,아시아연구소,2,37.463155,126.950201,73.3,-0.7,1층,,yes,osm-entrance,2395785103,,
101,아시아연구소,3,37.463298,126.950408,74.9,+1.0,1층,,yes,osm-entrance,4564809448,,
102,정보화본부,1,37.459926,126.949434,85.3,-1.0,1층,,yes,osm-entrance,4562088350,,
102,정보화본부,2,37.459734,126.949476,86.9,+0.6,1층,,yes,osm-entrance,4562088351,,
102,정보화본부,3,37.459238,126.949403,87.2,+0.9,1층,,yes,osm-entrance,4562088352,,
103,규장각한국학연구원,1,37.462531,126.950285,72.7,-2.3,지하1층,,yes,osm-entrance,2467461780,,
103,규장각한국학연구원,2,37.462031,126.950411,79.0,+4.0,2층,,yes,osm-entrance,4564809482,,
104,반도체공동연구소,1,37.454439,126.952947,139.5,-0.4,1층,,yes,osm-entrance,4564999917,,
104,반도체공동연구소,2,37.454447,126.953118,143.0,+3.1,2층,,,osm-path-join,483828701,,
104,반도체공동연구소,3,37.454547,126.953176,143.5,+3.6,2층,,,osm-path-end,483828701,,
104,반도체공동연구소,4,37.454766,126.953155,144.7,+4.7,2층,,,osm-path-end,483828702,,
105,유전공학연구소,1,37.454282,126.953374,145.9,-2.2,지하1층,,yes,osm-entrance,4564999931,,
105,유전공학연구소,2,37.454096,126.953315,147.0,-1.2,1층,,,osm-path-join,424949441,,
105,유전공학연구소,3,37.454356,126.953767,149.7,+1.5,1층,,yes,osm-entrance,4564999929,,
105,유전공학연구소,4,37.454113,126.953596,149.8,+1.6,1층,,yes,osm-entrance,4564999930,,
105-1,창업보육센터및유전공학연구소,1,37.454282,126.953374,145.9,-2.2,지하1층,,yes,osm-entrance,4564999931,,
105-1,창업보육센터및유전공학연구소,2,37.454096,126.953315,147.0,-1.2,1층,,,osm-path-join,424949441,,
105-1,창업보육센터및유전공학연구소,3,37.454356,126.953767,149.7,+1.5,1층,,yes,osm-entrance,4564999929,,
105-1,창업보육센터및유전공학연구소,4,37.454113,126.953596,149.8,+1.6,1층,,yes,osm-entrance,4564999930,,
109,자하연식당,1,37.461025,126.952235,89.8,-3.3,지하1층,,yes,osm-entrance,4527843425,,
109,자하연식당,2,37.461084,126.952325,90.0,-3.1,지하1층,,yes,osm-entrance,4527756103,,
109,자하연식당,3,37.460786,126.952603,94.2,+1.1,1층,,yes,osm-entrance,1790463228,,
109,자하연식당,4,37.460894,126.952681,96.5,+3.5,2층,,yes,osm-entrance,4527843432,,
113,동원생활관,1,37.465138,126.951645,79.4,-1.0,1층,,yes,osm-entrance,4563745361,,
113,동원생활관,2,37.465025,126.951475,79.9,-0.5,1층,,yes,osm-entrance,4563745362,,
113,동원생활관,3,37.464995,126.951950,80.6,+0.2,1층,,yes,osm-entrance,4563745364,,
113,동원생활관,4,37.464928,126.951551,81.3,+0.9,1층,,yes,osm-entrance,4563745363,,
113,동원생활관,5,37.464917,126.951674,81.6,+1.2,1층,,yes,osm-entrance,4563745365,,
121,공관,1,37.466835,126.957637,72.6,-1.5,1층,,,osm-path-end,1544574873,,
129,수리과학연구동,1,37.457685,126.949557,95.0,-0.0,1층,,yes,osm-entrance,4562091890,,
129,수리과학연구동,2,37.457605,126.949455,95.5,+0.5,1층,,yes,osm-entrance,4562091889,,
130,기초전력연구소,1,37.454303,126.950519,122.6,+0.5,1층,,yes,osm-entrance,4373965760,,
130,기초전력연구소,2,37.454150,126.950774,124.7,+2.5,2층,,yes,osm-entrance,4564999920,,
131,신소재공동연구소,1,37.453559,126.950555,129.6,-1.1,1층,,yes,osm-entrance,4564999933,,
131,신소재공동연구소,2,37.453421,126.950697,131.8,+1.1,1층,,yes,osm-entrance,4566997720,,
132,뉴미디어통신공동연구소,1,37.454889,126.953740,148.7,-0.9,1층,,yes,osm-entrance,4564999927,,
132,뉴미디어통신공동연구소,2,37.454789,126.954076,149.9,+0.3,1층,,yes,osm-entrance,4564999928,,
133,자동화연구소,1,37.454303,126.950519,122.6,+0.6,1층,,yes,osm-entrance,4373965760,,
133,자동화연구소,2,37.454194,126.950276,123.2,+1.2,1층,,yes,osm-entrance,4564999919,,
133,자동화연구소,3,37.454060,126.950296,124.5,+2.5,2층,,,osm-path-end,1544778667,,
135,에너지신기술연구동,1,37.454462,126.952012,126.0,-2.0,지하1층,,yes,osm-entrance,4564999912,,
135,에너지신기술연구동,2,37.454245,126.952032,126.8,-1.2,1층,,yes,osm-entrance,4564999913,,
137-1,CJ어학관,1,37.466499,126.953130,84.0,-1.9,1층,,,osm-path-end,1544364813,,
138,컴퓨터연구소,1,37.455802,126.954830,158.3,-0.4,1층,,yes,osm-entrance,4344097190,,
140,국제대학원,1,37.464021,126.954300,104.4,-5.7,지하1층,,,osm-path-join,456356702,,
140,국제대학원,2,37.464313,126.954602,105.7,-4.4,지하1층,,,osm-path-end,460771011,,
140,국제대학원,3,37.464183,126.954579,107.3,-2.9,지하1층,,yes,osm-entrance,4563745388,,
140,국제대학원,4,37.464100,126.954853,114.9,+4.8,2층,,yes,osm-entrance,4563745387,,
140,국제대학원,5,37.463947,126.954758,116.0,+5.9,2층,,yes,osm-entrance,4563745989,,
140-1,국제대학원2,1,37.464021,126.954300,104.4,-5.7,지하1층,,,osm-path-join,456356702,,
140-1,국제대학원2,2,37.464313,126.954602,105.7,-4.4,지하1층,,,osm-path-end,460771011,,
140-1,국제대학원2,3,37.464183,126.954579,107.3,-2.9,지하1층,,yes,osm-entrance,4563745388,,
140-1,국제대학원2,4,37.464100,126.954853,114.9,+4.8,2층,,yes,osm-entrance,4563745387,,
140-1,국제대학원2,5,37.463947,126.954758,116.0,+5.9,2층,,yes,osm-entrance,4563745989,,
140-2,국제회의동,1,37.464021,126.954300,104.4,-7.3,지하2층,,,osm-path-join,456356702,,
140-2,국제회의동,2,37.464183,126.954579,107.3,-4.4,지하1층,,yes,osm-entrance,4563745388,,
140-2,국제회의동,3,37.464100,126.954853,114.9,+3.2,2층,,yes,osm-entrance,4563745387,,
140-2,국제회의동,4,37.463947,126.954758,116.0,+4.3,2층,,yes,osm-entrance,4563745989,,
143,약대신약개발연구센터,1,37.458196,126.952753,123.2,-5.6,지하1층,,yes,osm-entrance,4332551615,,
143,약대신약개발연구센터,2,37.458010,126.952832,127.0,-1.8,1층,,yes,osm-entrance,4332551620,,
143,약대신약개발연구센터,3,37.458215,126.953061,128.9,+0.1,1층,,,osm-path-join,435329625,,
200,농업생명과학대학,1,37.457866,126.948126,85.6,-3.4,지하1층,,yes,osm-entrance,4566528836,,
200,농업생명과학대학,2,37.457337,126.948270,86.9,-2.1,지하1층,,yes,osm-entrance,4566528837,,
200,농업생명과학대학,3,37.458137,126.948793,90.1,+1.1,1층,,yes,osm-entrance,4566528835,,
200,농업생명과학대학,4,37.457705,126.948946,93.9,+4.9,2층,,yes,osm-entrance,4566528838,,
200,농업생명과학대학,5,37.457305,126.948995,95.3,+6.3,3층,,yes,osm-entrance,4566528839,,
201,농업생명과학대학환경관,1,37.456886,126.948724,95.3,+5.0,2층,,yes,osm-entrance,4564998553,,
201,농업생명과학대학환경관,2,37.457026,126.948732,95.7,+5.4,2층,,,osm-path-end,1544714466,,
203,SPC농생명과학 및 기초과학연구동,1,37.458193,126.948116,85.6,-0.8,1층,,yes,osm-entrance,4566528833,,
203,SPC농생명과학 및 기초과학연구동,2,37.458444,126.948047,86.0,-0.4,1층,,yes,osm-entrance,4566528832,,
203,SPC농생명과학 및 기초과학연구동,3,37.458402,126.948679,90.0,+3.6,2층,,yes,osm-entrance,4566528834,,
220,종합교육연구동,1,37.464725,126.953640,97.0,-3.9,지하1층,,yes,osm-entrance,4531518011,,
220,종합교육연구동,2,37.464664,126.953597,97.2,-3.7,지하1층,,,osm-path-end,456922959,,
220,종합교육연구동,3,37.463924,126.953650,100.0,-0.9,1층,,yes,osm-entrance,4531515085,,
220,종합교육연구동,4,37.464610,126.954252,100.4,-0.5,1층,,yes,osm-entrance,4514838231,,
220,종합교육연구동,5,37.464391,126.953952,100.5,-0.4,1층,,yes,osm-entrance,4563745381,,
220,종합교육연구동,6,37.464225,126.953845,100.9,-0.0,1층,,yes,osm-entrance,4531515084,,
220,종합교육연구동,7,37.464022,126.954001,101.6,+0.7,1층,,yes,osm-entrance,4563745383,,
221,보건대학원,1,37.464895,126.954479,100.7,-2.5,지하1층,,yes,osm-entrance,4563745384,,
221,보건대학원,2,37.464610,126.954784,104.8,+1.6,1층,,yes,osm-entrance,4563745385,,
222,생활과학대학,1,37.464553,126.953142,89.7,-4.2,지하1층,,yes,osm-entrance,4531518017,,
222,생활과학대학,2,37.464708,126.953254,90.0,-4.0,지하1층,,yes,osm-entrance,4563745375,,
222,생활과학대학,3,37.464401,126.953038,90.8,-3.1,지하1층,,yes,osm-entrance,4563745378,,
222,생활과학대학,4,37.464705,126.953380,93.0,-0.9,1층,,yes,osm-entrance,4563745376,,
222,생활과학대학,5,37.464429,126.953345,94.8,+0.9,1층,,yes,osm-entrance,4531517992,,
222,생활과학대학,6,37.464298,126.953492,98.8,+4.8,2층,,,osm-path-end,456922935,,
250,인문관연결동(1동-2동),1,37.460465,126.952641,95.3,-1.5,1층,,yes,osm-entrance,4564750849,,
250,인문관연결동(1동-2동),2,37.460541,126.952678,95.3,-1.5,1층,,yes,osm-entrance,4564750850,,
250,인문관연결동(1동-2동),3,37.460311,126.952592,95.6,-1.2,1층,,yes,osm-entrance,4564750847,,
250,인문관연결동(1동-2동),4,37.460318,126.952740,96.1,-0.7,1층,,yes,osm-entrance,4564750851,,
250,인문관연결동(1동-2동),5,37.460397,126.953235,98.1,+1.3,1층,,yes,osm-entrance,4564750853,,
250,인문관연결동(1동-2동),6,37.460291,126.953254,98.7,+1.9,1층,,yes,osm-entrance,4564750854,,
251,사회관연결동(6동-7동),1,37.460853,126.954300,102.6,-2.6,지하1층,,yes,osm-entrance,4564750863,,
251,사회관연결동(6동-7동),2,37.460710,126.954339,102.8,-2.4,지하1층,,yes,osm-entrance,4564750864,,
251,사회관연결동(6동-7동),3,37.460608,126.954753,107.1,+1.9,1층,,yes,osm-entrance,4564750865,,
252,교육관연결동(10동-11동),1,37.460385,126.955161,111.9,-2.7,지하1층,,yes,osm-entrance,4564750880,,
252,교육관연결동(10동-11동),2,37.460240,126.955226,113.2,-1.3,1층,,yes,osm-entrance,4564750881,,
252,교육관연결동(10동-11동),3,37.460179,126.955599,116.4,+1.8,1층,,yes,osm-entrance,4564750885,,
252,교육관연결동(10동-11동),4,37.460042,126.955493,117.1,+2.6,2층,,yes,osm-entrance,4564750883,,
301,제1공학관,1,37.450483,126.952432,183.6,-6.1,지하2층,,yes,osm-entrance,4749980473,,
301,제1공학관,2,37.450179,126.952224,189.0,-0.7,1층,,yes,osm-entrance,4749980478,,
301,제1공학관,3,37.449262,126.952405,191.6,+1.8,1층,,yes,osm-entrance,4749980474,,
301,제1공학관,4,37.449263,126.952313,193.5,+3.7,2층,,,osm-path-end,481917517,,
301,제1공학관,5,37.449478,126.952209,193.7,+4.0,2층,,yes,osm-entrance,4749980475,,
302,제2공학관,1,37.449028,126.952438,203.0,-3.4,지하1층,,yes,osm-entrance,4748070027,,
302,제2공학관,2,37.448790,126.952204,204.4,-2.0,1층,,yes,osm-entrance,4748070026,,
302,제2공학관,3,37.448446,126.952725,209.1,+2.7,2층,,,osm-path-end,482207541,,
302,제2공학관,4,37.448244,126.952236,209.4,+3.1,2층,,,osm-path-end,481915891,,
310,엔지니어하우스,1,37.448580,126.951136,210.4,+1.1,1층,,yes,osm-entrance,4749960514,,
312,정밀기계연구소실험연구동,1,37.450759,126.951785,174.4,+4.7,2층,,,osm-path-end,777510058,,
314,차세대자동차신기술연구소,1,37.451363,126.952268,170.0,+3.3,2층,,,osm-path-end,777628879,,
500,대학원연구동(2단계),1,37.459115,126.948440,82.9,+5.3,2층,,yes,osm-entrance,4562091905,,
904,(관악사)대학원 생활관,1,37.460488,126.957579,129.7,-0.1,1층,,,osm-path-join,482456406,,
904,(관악사)대학원 생활관,2,37.460711,126.957344,129.8,+0.0,1층,,yes,osm-entrance,4750650869,,
906,(관악사)대학원 생활관,1,37.462539,126.957955,120.0,-0.8,1층,,yes,osm-entrance,4752760188,,
906,(관악사)대학원 생활관,2,37.462498,126.958130,120.0,-0.8,1층,,yes,osm-entrance,4752760187,,
906,(관악사)대학원 생활관,3,37.462076,126.958376,122.9,+2.2,2층,,yes,osm-entrance,4752760186,,
919,(관악사)학부 생활관,1,37.463110,126.958620,108.7,+1.5,1층,,,osm-path-end,482456399,,
919,(관악사)학부 생활관,2,37.463074,126.958318,110.0,+2.8,2층,,,osm-path-end,482456396,,
921,(관악사)학부 생활관,1,37.463430,126.959085,102.8,-0.0,1층,,,osm-path-end,482456401,,
946,BK국제관,1,37.465651,126.958008,81.1,-5.0,지하1층,,,osm-path-join,310022286,,
946,BK국제관,2,37.465480,126.958014,83.0,-3.2,지하1층,,,osm-path-join,310022286,,
946,BK국제관,3,37.465485,126.958225,83.0,-3.1,지하1층,,,osm-path-join,310022286,,
946,BK국제관,4,37.465345,126.958231,84.8,-1.4,1층,,,osm-path-join,310022286,,
946,BK국제관,5,37.465029,126.958002,87.8,+1.6,1층,,,osm-path-join,310022286,,
946,BK국제관,6,37.464880,126.958116,89.4,+3.3,2층,,,osm-path-join,310022286,,
946,BK국제관,7,37.464878,126.958007,89.5,+3.3,2층,,,osm-path-join,310022286,,
