building,name,kind,lat,lon,travel,source,note
900,(관악사)대학원 생활관,대학원,37.461490,126.958100,Y,캠퍼스맵,OSM·수치지형도 900동
901,(관악사)생활관,학부,37.461958,126.957792,Y,OSM,캠퍼스맵에 없다. 좌표는 OSM 901 윤곽 가운데. 건물 북쪽 벽 꼭대기와 남쪽 문 위에 901 이 붙어 있다(카카오 로드뷰 2026-07). snu.ac.kr 생활관 안내는 901동을 학부 2인실(BTL생활관)로 적는다. 수치지형도(2025)는 이 건물과 906동을 둘 다 901동으로 적는다
902,(관악사)대학원 생활관,대학원,37.461560,126.957290,Y,캠퍼스맵,OSM·수치지형도 902동
903,(관악사)대학원 생활관,대학원,37.461070,126.957600,Y,캠퍼스맵,OSM·수치지형도 903동
904,(관악사)대학원 생활관,대학원,37.460430,126.957630,Y,캠퍼스맵,OSM·수치지형도 904동
905,(관악사)대학원 생활관,대학원,37.461140,126.958540,Y,캠퍼스맵,OSM·수치지형도 905동
906,(관악사)학부 생활관,학부,37.462480,126.958350,Y,캠퍼스맵,OSM 906동. LnL동 = 학부생활관(사용자 2026-10-03. 캠퍼스맵 이름은 대학원 생활관). 북쪽 날개 서쪽 끝 벽 꼭대기에 906 이 붙어 있다(카카오 로드뷰 2026-07). 수치지형도(2025)는 이 건물을 901동으로 적는다(틀림)
915,관악 915동[외국인학생기숙사],글로벌,37.465012,126.957503,Y,캠퍼스맵,글로벌학생생활관
916,관악 916동[외국인학생기숙사],글로벌,37.465400,126.957139,Y,캠퍼스맵,글로벌학생생활관
917,관악 917동[외국인학생기숙사],글로벌,37.465821,126.957455,Y,캠퍼스맵,글로벌학생생활관
918,(관악사)대학원 생활관,대학원,37.460580,126.958670,Y,캠퍼스맵,OSM·수치지형도 918동
919,(관악사)학부 생활관,학부,37.463060,126.958720,N,캠퍼스맵,919A~D 네 동의 묶음(캠퍼스맵과 마법 지도 표에는 한 점). 이동시간과 지도 번호는 네 동을 따로 쓴다(사용자 2026-10-03). 이 줄은 화면이 919 를 건물 번호로 쓰지 않게 남겨 둔다
919A,(관악사)학부 생활관,학부,37.463477,126.958449,Y,수치지형도,A = 북쪽 막대. 좌표는 수치지형도 919-A동 윤곽에서 막대 부분 가운데(윤곽은 남쪽 주차장 데크까지 한 덩이다). OSM 919A·카카오맵 919A동과 같은 건물
919B,(관악사)학부 생활관,학부,37.463044,126.958441,Y,수치지형도,B = 가운데 막대(동쪽 날개 포함). 좌표는 수치지형도 919-B동 윤곽에서 막대 부분 가운데. OSM 919B·카카오맵 919B동과 같은 건물
919C,(관악사)학부 생활관,학부,37.462840,126.958925,Y,수치지형도,C = 남동쪽 두 탑 중 북쪽. LnL동(사용자 2026-10-03). 수치지형도는 C·D 를 한 건물 919-C동으로 그린다. 동쪽 필로티 문에 'C동' 문패(카카오 로드뷰 2026-07)
919D,(관악사)학부 생활관,학부,37.462600,126.958876,Y,수치지형도,D = 남동쪽 두 탑 중 남쪽. LnL동(사용자 2026-10-03). 수치지형도 919-C동 윤곽의 남쪽 탑. OSM 919D·카카오맵 919D동과 같은 건물
921,(관악사)학부 생활관,학부,37.463350,126.959030,Y,캠퍼스맵,OSM·수치지형도 921동
922,(관악사)학부 생활관,학부,37.463000,126.959250,Y,캠퍼스맵,OSM·수치지형도 922동
923,(관악사)학부 생활관,학부,37.463410,126.959550,Y,캠퍼스맵,OSM·수치지형도 923동
924,(관악사)학부 생활관,학부,37.463620,126.959460,Y,캠퍼스맵,OSM·수치지형도 924동
925,(관악사)학부 생활관,학부,37.464090,126.958600,Y,캠퍼스맵,OSM·수치지형도 925동
926,(관악사)학부 생활관,학부,37.464290,126.958990,Y,캠퍼스맵,OSM·수치지형도 926동
931,가족생활관1,가족,37.467110,126.958660,Y,캠퍼스맵,수치지형도 가족생활관931동
932,가족생활관2,가족,37.466840,126.958620,Y,캠퍼스맵,수치지형도 가족생활관932동
933,가족생활관3,가족,37.466790,126.959110,Y,캠퍼스맵,수치지형도 가족생활관933동
934,가족생활관4,가족,37.466760,126.959420,Y,캠퍼스맵,수치지형도 가족생활관934동
935,가족생활관5,가족,37.467350,126.959660,Y,캠퍼스맵,수치지형도 가족생활관935동
946,BK국제관,BK,37.465310,126.958410,Y,캠퍼스맵,수치지형도 946-A동BK국제관
