timestamp,semester,sections_total,sections_timed,sections_located,located_ratio,courses,courses_multi_section,courses_multi_building,multi_building_ratio,buildings
2026-09-26T01:41+09:00,2026-2,8552,3275,2990,0.913,2070,279,135,0.484,79
2026-09-26T13:55+09:00,2026-2,8552,3275,2990,0.913,2070,279,135,0.484,79
2026-09-26T20:22+09:00,2026-2,8552,3275,2990,0.913,2070,279,135,0.484,79
2026-09-27T06:08+09:00,2026-2,8552,3275,2990,0.913,2070,279,135,0.484,79
2026-09-27T14:16+09:00,2026-2,8552,3275,2990,0.913,2070,279,135,0.484,79
2026-09-27T21:00+09:00,2026-2,8552,3275,2990,0.913,2070,279,135,0.484,79
2026-09-28T06:19+09:00,2026-2,8552,3275,2990,0.913,2070,279,135,0.484,79
2026-09-28T14:21+09:00,2026-2,8552,3275,2990,0.913,2070,279,135,0.484,79
2026-09-28T22:51+09:00,2026-2,8552,3275,2990,0.913,2070,279,135,0.484,79
2026-09-29T08:15+09:00,2026-2,8552,3275,2990,0.913,2070,279,135,0.484,79
2026-09-29T14:42+09:00,2026-2,8552,3275,2990,0.913,2070,279,135,0.484,79
2026-09-29T21:50+09:00,2026-2,8552,3276,2989,0.912,2071,279,135,0.484,79
2026-09-30T07:14+09:00,2026-2,8552,3276,2989,0.912,2071,279,135,0.484,79
2026-09-30T14:30+09:00,2026-2,8552,3276,2989,0.912,2071,279,135,0.484,79
2026-09-30T21:32+09:00,2026-2,8552,3276,2989,0.912,2071,279,135,0.484,79
